group,setting,family,N,method,n,success,reached,probes,success_robot_mean_s,J_mean_s,mass_coverage_count,inertia_coverage_count,mass_coverage_ci95_low,mass_coverage_ci95_high,inertia_coverage_ci95_low,inertia_coverage_ci95_high,mean_planner_ms,cap_binding_count,schedules,max_margin_s,mean_rounding_residual_s
extended,base,excited,1,always_probe,30,27,27,27,2.571851851851852,3.3302619054666915,30,30,0.8842966917779725,1.0,0.8842966917779725,1.0,0.06190546669131436,0,27,0.01909361084161587,0.010549960592761334
extended,base,excited,1,batch_aware,30,27,27,0,1.7758518518518522,2.6139325992333173,30,30,0.8842966917779725,1.0,0.8842966917779725,1.0,0.13259923331740234,0,27,0.10439099339623155,0.02147225650798645
extended,base,excited,1,ignore_passive,30,27,27,0,1.7758518518518522,2.6139253882333384,30,30,0.8842966917779725,1.0,0.8842966917779725,1.0,0.12538823333822316,0,27,0.10439099339623155,0.02147225650798645
extended,base,excited,1,oracle,30,30,30,0,1.6526666666666663,1.6527353641666294,30,30,0.8842966917779725,1.0,0.8842966917779725,1.0,0.06869749996288495,0,30,1.571872321036738e-05,0.02498865923376811
extended,base,excited,1,passive,30,27,27,0,1.7758518518518522,2.6138632599999485,30,30,0.8842966917779725,1.0,0.8842966917779725,1.0,0.06325999994866531,0,27,0.10439099339623155,0.02147225650798645
extended,base,excited,1,uncertainty_trigger,30,27,27,27,2.571851851851852,3.3302679476666546,30,30,0.8842966917779725,1.0,0.8842966917779725,1.0,0.06794766665431477,0,27,0.01909361084161587,0.010549960592761334
extended,base,excited,5,always_probe,30,27,27,27,9.186962962962962,13.284123206766616,30,30,0.8842966917779725,1.0,0.8842966917779725,1.0,0.3232067666128084,0,135,0.01909361084161587,0.012852649560564798
extended,base,excited,5,batch_aware,30,27,27,0,8.390962962962963,12.568033068566665,30,30,0.8842966917779725,1.0,0.8842966917779725,1.0,0.6330685666625868,0,135,0.10439099339623155,0.012827316771155568
extended,base,excited,5,ignore_passive,30,27,27,0,8.390962962962963,12.56778004326667,30,30,0.8842966917779725,1.0,0.8842966917779725,1.0,0.38004326666699245,0,135,0.10439099339623155,0.012827316771155568
extended,base,excited,5,oracle,30,30,30,0,8.263333333333334,8.26367315396666,30,30,0.8842966917779725,1.0,0.8842966917779725,1.0,0.3398206333258713,0,150,1.571872321036738e-05,0.02498865923376811
extended,base,excited,5,passive,30,27,27,0,8.390962962962963,12.567709049766604,30,30,0.8842966917779725,1.0,0.8842966917779725,1.0,0.30904976660319033,0,135,0.10439099339623155,0.012827316771155568
extended,base,excited,5,uncertainty_trigger,30,27,27,27,9.186962962962962,13.284115369066768,30,30,0.8842966917779725,1.0,0.8842966917779725,1.0,0.3153690667659248,0,135,0.01909361084161587,0.012852649560564798
extended,base,excited,20,always_probe,30,27,27,27,33.99362962962963,50.61116818460014,30,30,0.8842966917779725,1.0,0.8842966917779725,1.0,1.3681846001342517,0,540,0.01909361084161587,0.015513731382728956
extended,base,excited,20,batch_aware,30,27,27,0,33.19762962962963,49.895990836933166,30,30,0.8842966917779725,1.0,0.8842966917779725,1.0,2.5908369331697636,0,540,0.10439099339623155,0.015181866155023115
extended,base,excited,20,ignore_passive,30,27,27,27,33.99362962962963,50.61121291103339,30,30,0.8842966917779725,1.0,0.8842966917779725,1.0,1.4129110333972978,0,540,0.01909361084161587,0.015513731382728956
extended,base,excited,20,oracle,30,30,30,0,33.05333333333334,33.05484516906671,30,30,0.8842966917779725,1.0,0.8842966917779725,1.0,1.5118357333676613,0,600,1.571872321036738e-05,0.024988659233768102
extended,base,excited,20,passive,30,27,27,0,33.19762962962963,49.89471592983333,30,30,0.8842966917779725,1.0,0.8842966917779725,1.0,1.3159298333372742,0,540,0.10439099339623155,0.015181866155023115
extended,base,excited,20,uncertainty_trigger,30,27,27,27,33.99362962962963,50.611085824766725,30,30,0.8842966917779725,1.0,0.8842966917779725,1.0,1.285824766720604,0,540,0.01909361084161587,0.015513731382728956
extended,base,excited,40,always_probe,30,27,27,27,67.0691851851852,100.38039198213367,30,30,0.8842966917779725,1.0,0.8842966917779725,1.0,2.591982133670475,0,1080,0.01909361084161587,0.016812433420674188
extended,base,excited,40,batch_aware,30,27,27,0,66.27318518518521,99.66650540763322,30,30,0.8842966917779725,1.0,0.8842966917779725,1.0,5.105407633216903,0,1080,0.10439099339623155,0.016583319509283823
extended,base,excited,40,ignore_passive,30,27,27,27,67.0691851851852,100.38049682433324,30,30,0.8842966917779725,1.0,0.8842966917779725,1.0,2.6968243332248676,0,1080,0.01909361084161587,0.016812433420674188
extended,base,excited,40,oracle,30,30,30,0,66.1066666666667,66.10950168590027,30,30,0.8842966917779725,1.0,0.8842966917779725,1.0,2.8350192335741062,0,1200,1.571872321036738e-05,0.02498865923376811
extended,base,excited,40,passive,30,27,27,0,66.27318518518521,99.66403653363324,30,30,0.8842966917779725,1.0,0.8842966917779725,1.0,2.6365336332067577,0,1080,0.10439099339623155,0.016583319509283823
extended,base,excited,40,uncertainty_trigger,30,27,27,27,67.0691851851852,100.38044385380009,30,30,0.8842966917779725,1.0,0.8842966917779725,1.0,2.6438538000926806,0,1080,0.01909361084161587,0.016812433420674188
extended,base,excited,60,always_probe,30,27,27,27,100.14474074074072,150.14961970049987,30,30,0.8842966917779725,1.0,0.8842966917779725,1.0,3.819700499927118,0,1620,0.01909361084161587,0.017524151080951338
extended,base,excited,60,batch_aware,30,27,27,0,99.3487407407407,149.43705959386654,30,30,0.8842966917779725,1.0,0.8842966917779725,1.0,7.659593866568078,0,1620,0.10439099339623155,0.017349912950949568
extended,base,excited,60,ignore_passive,30,27,27,27,100.14474074074072,150.14967729873342,30,30,0.8842966917779725,1.0,0.8842966917779725,1.0,3.8772987334217155,0,1620,0.01909361084161587,0.017524151080951338
extended,base,excited,60,oracle,30,30,30,0,99.15999999999998,99.16425941199999,30,30,0.8842966917779725,1.0,0.8842966917779725,1.0,4.259412000017922,0,1800,1.571872321036738e-05,0.024988659233768105
extended,base,excited,60,passive,30,27,27,0,99.3487407407407,149.4333128789999,30,30,0.8842966917779725,1.0,0.8842966917779725,1.0,3.9128789999343403,0,1620,0.10439099339623155,0.017349912950949568
extended,base,excited,60,uncertainty_trigger,30,27,27,27,100.14474074074072,150.14965303503328,30,30,0.8842966917779725,1.0,0.8842966917779725,1.0,3.8530350332697103,0,1620,0.01909361084161587,0.017524151080951338
extended,base,excited,100,always_probe,30,27,27,27,166.29585185185175,249.6881571044332,30,30,0.8842966917779725,1.0,0.8842966917779725,1.0,6.357104433262369,0,2700,0.01909361084161587,0.018358151173711455
extended,base,excited,100,batch_aware,30,27,27,0,165.49985185185182,248.97807882360019,30,30,0.8842966917779725,1.0,0.8842966917779725,1.0,12.678823600231226,0,2700,0.10439099339623155,0.018239110683396974
extended,base,excited,100,ignore_passive,30,27,27,27,166.29585185185175,249.6882249389001,30,30,0.8842966917779725,1.0,0.8842966917779725,1.0,6.4249389002043245,0,2700,0.01909361084161587,0.018358151173711455
extended,base,excited,100,oracle,30,30,30,0,165.26666666666657,165.273773603233,30,30,0.8842966917779725,1.0,0.8842966917779725,1.0,7.106936566340967,0,3000,1.571872321036738e-05,0.024988659233768105
extended,base,excited,100,passive,30,27,27,0,165.49985185185182,248.97183073299993,30,30,0.8842966917779725,1.0,0.8842966917779725,1.0,6.43073299995649,0,2700,0.10439099339623155,0.018239110683396974
extended,base,excited,100,uncertainty_trigger,30,27,27,27,166.29585185185175,249.68816051176717,30,30,0.8842966917779725,1.0,0.8842966917779725,1.0,6.3605117672068445,0,2700,0.01909361084161587,0.018358151173711455
extended,base,low_yaw,1,always_probe,30,27,27,27,2.571851851851852,3.3302713004667583,30,30,0.8842966917779725,1.0,0.8842966917779725,1.0,0.07130046675835426,0,27,0.01909361084161587,0.010549960592761334
extended,base,low_yaw,1,batch_aware,30,27,27,0,1.7758518518518522,2.61393977740003,30,30,0.8842966917779725,1.0,0.8842966917779725,1.0,0.13977740003004632,0,27,0.10439099339623155,0.02147225650798645
extended,base,low_yaw,1,ignore_passive,30,27,27,0,1.7758518518518522,2.6139356358333092,30,30,0.8842966917779725,1.0,0.8842966917779725,1.0,0.13563583330930365,0,27,0.10439099339623155,0.02147225650798645
extended,base,low_yaw,1,oracle,30,30,30,0,1.6526666666666663,1.6527479891999843,30,30,0.8842966917779725,1.0,0.8842966917779725,1.0,0.08132253331799195,0,30,1.571872321036738e-05,0.02498865923376811
extended,base,low_yaw,1,passive,30,27,27,0,1.7758518518518522,2.6138656344666975,30,30,0.8842966917779725,1.0,0.8842966917779725,1.0,0.06563446669739885,0,27,0.10439099339623155,0.02147225650798645
extended,base,low_yaw,1,uncertainty_trigger,30,27,27,27,2.571851851851852,3.3302647971334123,30,30,0.8842966917779725,1.0,0.8842966917779725,1.0,0.06479713341226064,0,27,0.01909361084161587,0.010549960592761334
extended,base,low_yaw,5,always_probe,30,27,27,27,9.186962962962962,13.284137782766537,30,30,0.8842966917779725,1.0,0.8842966917779725,1.0,0.3377827665341708,0,135,0.01909361084161587,0.010803745119192994
extended,base,low_yaw,5,batch_aware,30,27,27,0,8.513259259259259,12.678161436733337,30,30,0.8842966917779725,1.0,0.8842966917779725,1.0,0.6947700666690556,0,135,0.10439099339623155,0.014084506694817157
extended,base,low_yaw,5,ignore_passive,30,27,27,0,8.513259259259259,12.677901285800012,30,30,0.8842966917779725,1.0,0.8842966917779725,1.0,0.43461913334491936,0,135,0.10439099339623155,0.014084506694817157
extended,base,low_yaw,5,oracle,30,30,30,0,8.263333333333334,8.263688809333217,30,30,0.8842966917779725,1.0,0.8842966917779725,1.0,0.35547599988300743,0,150,1.571872321036738e-05,0.02498865923376811
extended,base,low_yaw,5,passive,30,27,27,0,8.513259259259259,12.67780438646655,30,30,0.8842966917779725,1.0,0.8842966917779725,1.0,0.3377197998815973,0,135,0.10439099339623155,0.014084506694817157
extended,base,low_yaw,5,uncertainty_trigger,30,27,27,27,9.186962962962962,13.284133932333344,30,30,0.8842966917779725,1.0,0.8842966917779725,1.0,0.3339323333420907,0,135,0.01909361084161587,0.010803745119192994
extended,base,low_yaw,20,always_probe,30,27,27,27,33.99362962962963,50.611059730333075,30,30,0.8842966917779725,1.0,0.8842966917779725,1.0,1.2597303330797633,0,540,0.01909361084161587,0.011135476921120293
extended,base,low_yaw,20,batch_aware,30,27,27,0,33.57414814814815,50.23481366289979,30,30,0.8842966917779725,1.0,0.8842966917779725,1.0,2.546996233119595,0,540,0.10439099339623155,0.013995443409266832
extended,base,low_yaw,20,ignore_passive,30,27,27,27,33.99362962962963,50.61115846970007,30,30,0.8842966917779725,1.0,0.8842966917779725,1.0,1.358469700077573,0,540,0.01909361084161587,0.011135476921120293
extended,base,low_yaw,20,oracle,30,30,30,0,33.05333333333334,33.054767858366795,30,30,0.8842966917779725,1.0,0.8842966917779725,1.0,1.4345250334523978,0,600,1.571872321036738e-05,0.024988659233768102
extended,base,low_yaw,20,passive,30,27,27,0,33.57414814814815,50.23353019896686,30,30,0.8842966917779725,1.0,0.8842966917779725,1.0,1.2635323001935224,0,540,0.10439099339623155,0.013995443409266832
extended,base,low_yaw,20,uncertainty_trigger,30,27,27,27,33.99362962962963,50.611072648600064,30,30,0.8842966917779725,1.0,0.8842966917779725,1.0,1.2726486000701698,0,540,0.01909361084161587,0.011135476921120293
extended,base,low_yaw,40,always_probe,30,27,27,27,67.0691851851852,100.38039908633286,30,30,0.8842966917779725,1.0,0.8842966917779725,1.0,2.5990863328236933,0,1080,0.01909361084161587,0.011397532859753142
extended,base,low_yaw,40,batch_aware,30,27,27,0,66.7314814814815,100.07895041203354,30,30,0.8842966917779725,1.0,0.8842966917779725,1.0,5.0837453668615735,0,1080,0.10439099339623155,0.010781663758649298
extended,base,low_yaw,40,ignore_passive,30,27,27,27,67.0691851851852,100.38040307780003,30,30,0.8842966917779725,1.0,0.8842966917779725,1.0,2.603077799979777,0,1080,0.01909361084161587,0.011397532859753142
extended,base,low_yaw,40,oracle,30,30,30,0,66.1066666666667,66.10952283446636,30,30,0.8842966917779725,1.0,0.8842966917779725,1.0,2.8561677996700987,0,1200,1.571872321036738e-05,0.02498865923376811
extended,base,low_yaw,40,passive,30,27,27,0,66.7314814814815,100.07650864189979,30,30,0.8842966917779725,1.0,0.8842966917779725,1.0,2.641975233109406,0,1080,0.10439099339623155,0.010781663758649298
extended,base,low_yaw,40,uncertainty_trigger,30,27,27,27,67.0691851851852,100.38034511766703,30,30,0.8842966917779725,1.0,0.8842966917779725,1.0,2.5451176669927613,0,1080,0.01909361084161587,0.011397532859753142
extended,base,low_yaw,60,always_probe,30,27,27,27,100.14474074074072,150.14962796233297,30,30,0.8842966917779725,1.0,0.8842966917779725,1.0,3.8279623329799506,0,1620,0.01909361084161587,0.01160892081891514
extended,base,low_yaw,60,batch_aware,30,27,27,0,99.83340740740739,149.87340719150015,30,30,0.8842966917779725,1.0,0.8842966917779725,1.0,7.807191500220749,0,1620,0.10439099339623155,0.009738473091337683
extended,base,low_yaw,60,ignore_passive,30,27,27,27,100.14474074074072,150.1497240934667,30,30,0.8842966917779725,1.0,0.8842966917779725,1.0,3.9240934667304828,0,1620,0.01909361084161587,0.01160892081891514
extended,base,low_yaw,60,oracle,30,30,30,0,99.15999999999998,99.16420943633292,30,30,0.8842966917779725,1.0,0.8842966917779725,1.0,4.20943633295489,0,1800,1.571872321036738e-05,0.024988659233768105
extended,base,low_yaw,60,passive,30,27,27,0,99.83340740740739,149.86979373083366,30,30,0.8842966917779725,1.0,0.8842966917779725,1.0,4.193730833700708,0,1620,0.10439099339623155,0.009738473091337683
extended,base,low_yaw,60,uncertainty_trigger,30,27,27,27,100.14474074074072,150.14969853993324,30,30,0.8842966917779725,1.0,0.8842966917779725,1.0,3.8985399332735446,0,1620,0.01909361084161587,0.01160892081891514
extended,base,low_yaw,100,always_probe,30,27,27,27,166.29585185185175,249.68834300246758,30,30,0.8842966917779725,1.0,0.8842966917779725,1.0,6.5430024676364456,0,2700,0.01909361084161587,0.01196126219616557
extended,base,low_yaw,100,batch_aware,30,27,27,0,165.98451851851846,249.41429309950036,30,30,0.8842966917779725,1.0,0.8842966917779725,1.0,12.693099500362829,0,2700,0.10439099339623155,0.009246027851298307
extended,base,low_yaw,100,ignore_passive,30,27,27,27,166.29585185185175,249.68828594543402,30,30,0.8842966917779725,1.0,0.8842966917779725,1.0,6.485945434072467,0,2700,0.01909361084161587,0.01196126219616557
extended,base,low_yaw,100,oracle,30,30,30,0,165.26666666666657,165.27381556259976,30,30,0.8842966917779725,1.0,0.8842966917779725,1.0,7.1488959331266715,0,3000,1.571872321036738e-05,0.024988659233768105
extended,base,low_yaw,100,passive,30,27,27,0,165.98451851851846,249.4080956965,30,30,0.8842966917779725,1.0,0.8842966917779725,1.0,6.4956965000116424,0,2700,0.10439099339623155,0.009246027851298307
extended,base,low_yaw,100,uncertainty_trigger,30,27,27,27,166.29585185185175,249.68838917869957,30,30,0.8842966917779725,1.0,0.8842966917779725,1.0,6.589178699611391,0,2700,0.01909361084161587,0.01196126219616557
sensitivity,noise10,excited,20,always_probe,10,9,9,9,34.21933333333334,50.81522277009982,10,10,0.6915028921812371,1.0,0.6915028921812371,1.0,1.2227700998209912,0,180,0.0637080921803292,0.014663139002845268
sensitivity,noise10,excited,20,batch_aware,10,9,9,0,33.46488888888889,50.13748264419992,10,10,0.6915028921812371,1.0,0.6915028921812371,1.0,2.4826441999266535,0,180,0.1278695035083463,0.015142448414970998
sensitivity,noise10,excited,20,ignore_passive,10,9,9,9,34.21933333333334,50.81530643219941,10,10,0.6915028921812371,1.0,0.6915028921812371,1.0,1.3064321994079364,0,180,0.0637080921803292,0.014663139002845268
sensitivity,noise10,excited,20,passive,10,9,9,0,33.46488888888889,50.13624173779991,10,10,0.6915028921812371,1.0,0.6915028921812371,1.0,1.24173779990997,0,180,0.1278695035083463,0.015142448414970998
sensitivity,noise10,excited,20,uncertainty_trigger,10,9,9,9,34.21933333333334,50.815362878699815,10,10,0.6915028921812371,1.0,0.6915028921812371,1.0,1.3628786998197029,0,180,0.0637080921803292,0.014663139002845268
sensitivity,noise10,excited,60,always_probe,10,9,9,9,100.0886666666666,150.10022337129996,10,10,0.6915028921812371,1.0,0.6915028921812371,1.0,3.823371299995415,0,540,0.0637080921803292,0.010008358527147064
sensitivity,noise10,excited,60,batch_aware,10,9,9,0,99.35688888888883,149.44515515059996,10,10,0.6915028921812371,1.0,0.6915028921812371,1.0,7.3551506000058,0,540,0.1278695035083463,0.01030229864696851
sensitivity,noise10,excited,60,ignore_passive,10,9,9,9,100.0886666666666,150.10019094770047,10,10,0.6915028921812371,1.0,0.6915028921812371,1.0,3.7909477005086956,0,540,0.0637080921803292,0.010008358527147064
sensitivity,noise10,excited,60,passive,10,9,9,0,99.35688888888883,149.44154669909983,10,10,0.6915028921812371,1.0,0.6915028921812371,1.0,3.746699099883699,0,540,0.1278695035083463,0.01030229864696851
sensitivity,noise10,excited,60,uncertainty_trigger,10,9,9,9,100.0886666666666,150.10027707869978,10,10,0.6915028921812371,1.0,0.6915028921812371,1.0,3.8770786998156836,0,540,0.0637080921803292,0.010008358527147064
sensitivity,noise10,low_yaw,20,always_probe,10,9,9,9,34.36288888888889,50.9444009778006,10,10,0.6915028921812371,1.0,0.6915028921812371,1.0,1.2009778005904082,0,180,0.0637080921803292,0.008881281144987895
sensitivity,noise10,low_yaw,20,batch_aware,10,9,9,9,34.36288888888889,50.945583000299834,10,10,0.6915028921812371,1.0,0.6915028921812371,1.0,2.383000299823834,0,180,0.0637080921803292,0.008881281144987895
sensitivity,noise10,low_yaw,20,ignore_passive,10,9,9,9,34.36288888888889,50.944450330399135,10,10,0.6915028921812371,1.0,0.6915028921812371,1.0,1.2503303991252324,0,180,0.0637080921803292,0.008881281144987895
sensitivity,noise10,low_yaw,20,passive,10,9,9,0,34.38933333333333,50.96820805540036,10,10,0.6915028921812371,1.0,0.6915028921812371,1.0,1.2080554003659927,0,180,0.1278695035083463,0.01272582755581418
sensitivity,noise10,low_yaw,20,uncertainty_trigger,10,9,9,9,34.36288888888889,50.944386459399794,10,10,0.6915028921812371,1.0,0.6915028921812371,1.0,1.1864593997870543,0,180,0.0637080921803292,0.008881281144987895
sensitivity,noise10,low_yaw,60,always_probe,10,9,9,9,101.18955555555551,151.09092939020022,10,10,0.6915028921812371,1.0,0.6915028921812371,1.0,3.729390200260241,0,540,0.0637080921803292,0.010052292326331858
sensitivity,noise10,low_yaw,60,batch_aware,10,9,9,9,101.18955555555551,151.0945292904991,10,10,0.6915028921812371,1.0,0.6915028921812371,1.0,7.329290499137642,0,540,0.0637080921803292,0.010052292326331858
sensitivity,noise10,low_yaw,60,ignore_passive,10,9,9,9,101.18955555555551,151.09103709209992,10,10,0.6915028921812371,1.0,0.6915028921812371,1.0,3.8370920999568625,0,540,0.0637080921803292,0.010052292326331858
sensitivity,noise10,low_yaw,60,passive,10,9,9,0,102.24111111111114,152.03741663270003,10,7,0.6915028921812371,1.0,0.3475471499399921,0.9332604888222655,3.8166326999999,0,540,0.1278695035083463,0.013229772514272403
sensitivity,noise10,low_yaw,60,uncertainty_trigger,10,9,9,9,101.18955555555551,151.09106183330053,10,10,0.6915028921812371,1.0,0.6915028921812371,1.0,3.861833300561557,0,540,0.0637080921803292,0.010052292326331858
sensitivity,noise100,excited,20,always_probe,10,1,6,6,37.27,165.3247549836998,10,10,0.6915028921812371,1.0,0.6915028921812371,1.0,0.35498369979904965,0,48,0.14626765039951214,0.011244209932583762
sensitivity,noise100,excited,20,batch_aware,10,1,6,0,36.476,170.6575141840999,10,10,0.6915028921812371,1.0,0.6915028921812371,1.0,1.114184099878912,0,42,0.17805376272154572,0.011442761632037956
sensitivity,noise100,excited,20,ignore_passive,10,1,6,2,37.27,170.82414100680003,10,10,0.6915028921812371,1.0,0.6915028921812371,1.0,0.3410067999993771,0,42,0.17027987751197232,0.011244209932583762
sensitivity,noise100,excited,20,passive,10,1,6,0,36.476,170.65670773910023,10,10,0.6915028921812371,1.0,0.6915028921812371,1.0,0.3077391002079821,0,42,0.17805376272154572,0.011442761632037956
sensitivity,noise100,excited,20,uncertainty_trigger,10,1,6,6,37.27,165.32474710329987,10,10,0.6915028921812371,1.0,0.6915028921812371,1.0,0.3471032998731971,0,48,0.14626765039951214,0.011244209932583762
sensitivity,noise100,excited,60,always_probe,10,0,6,6,,563.7789925087999,10,10,0.6915028921812371,1.0,0.6915028921812371,1.0,0.3925087999050447,0,51,0.14626765039951214,
sensitivity,noise100,excited,60,batch_aware,10,0,6,0,,569.1133609116999,10,10,0.6915028921812371,1.0,0.6915028921812371,1.0,2.7609116999883554,0,45,0.17805376272154572,
sensitivity,noise100,excited,60,ignore_passive,10,0,6,6,,563.7790140568998,10,10,0.6915028921812371,1.0,0.6915028921812371,1.0,0.41405689976272697,0,51,0.14626765039951214,
sensitivity,noise100,excited,60,passive,10,0,6,0,,569.1109183875,10,10,0.6915028921812371,1.0,0.6915028921812371,1.0,0.3183874999649561,0,45,0.17805376272154572,
sensitivity,noise100,excited,60,uncertainty_trigger,10,0,6,6,,563.7789604941,10,10,0.6915028921812371,1.0,0.6915028921812371,1.0,0.36049410000487114,0,51,0.14626765039951214,
sensitivity,noise100,low_yaw,20,always_probe,10,1,6,6,37.412,165.3445810383997,10,10,0.6915028921812371,1.0,0.6915028921812371,1.0,0.38103839970062836,0,48,0.14626765039951214,0.00794718937041874
sensitivity,noise100,low_yaw,20,batch_aware,10,1,6,0,37.089999999999996,173.01068057409984,10,10,0.6915028921812371,1.0,0.6915028921812371,1.0,1.280574099837395,0,39,0.17805376272154572,0.015345093788240144
sensitivity,noise100,low_yaw,20,ignore_passive,10,1,6,2,37.412,173.12973496570012,10,10,0.6915028921812371,1.0,0.6915028921812371,1.0,0.33496570008537674,0,39,0.17027987751197232,0.00794718937041874
sensitivity,noise100,low_yaw,20,passive,10,1,6,0,37.089999999999996,173.00967524879997,10,10,0.6915028921812371,1.0,0.6915028921812371,1.0,0.27524879997145035,0,39,0.17805376272154572,0.015345093788240144
sensitivity,noise100,low_yaw,20,uncertainty_trigger,10,1,6,6,37.412,165.34457481709978,10,10,0.6915028921812371,1.0,0.6915028921812371,1.0,0.3748170997823763,0,48,0.14626765039951214,0.00794718937041874
sensitivity,noise100,low_yaw,60,always_probe,10,0,6,6,,563.8092069249,10,10,0.6915028921812371,1.0,0.6915028921812371,1.0,0.4069248999712727,0,51,0.14626765039951214,
sensitivity,noise100,low_yaw,60,batch_aware,10,0,6,0,,571.4771008265002,10,10,0.6915028921812371,1.0,0.6915028921812371,1.0,3.1008265001219115,0,42,0.17805376272154572,
sensitivity,noise100,low_yaw,60,ignore_passive,10,0,6,6,,563.8092191227003,10,10,0.6915028921812371,1.0,0.6915028921812371,1.0,0.41912270016837283,0,51,0.14626765039951214,
sensitivity,noise100,low_yaw,60,passive,10,0,6,0,,571.4745286861001,10,10,0.6915028921812371,1.0,0.6915028921812371,1.0,0.5286861001422949,0,42,0.17805376272154572,
sensitivity,noise100,low_yaw,60,uncertainty_trigger,10,0,6,6,,563.8091746213001,10,10,0.6915028921812371,1.0,0.6915028921812371,1.0,0.37462130017047457,0,51,0.14626765039951214,
sensitivity,margin_half,excited,20,always_probe,10,9,9,9,33.77955555555556,50.41846946430005,10,10,0.6915028921812371,1.0,0.6915028921812371,1.0,1.2694643000486394,0,180,0.009546805420807936,0.020308164971036647
sensitivity,margin_half,excited,20,batch_aware,10,9,9,0,32.93355555555556,49.6583353219,10,10,0.6915028921812371,1.0,0.6915028921812371,1.0,2.535321899995324,0,180,0.052195496698115774,0.020198957506015542
sensitivity,margin_half,excited,20,ignore_passive,10,9,9,9,33.77955555555556,50.41848307460036,10,10,0.6915028921812371,1.0,0.6915028921812371,1.0,1.2830746003601234,0,180,0.009546805420807936,0.020308164971036647
sensitivity,margin_half,excited,20,passive,10,9,9,0,32.93355555555556,49.65705651850031,10,10,0.6915028921812371,1.0,0.6915028921812371,1.0,1.2565185003040824,0,180,0.052195496698115774,0.020198957506015542
sensitivity,margin_half,excited,20,uncertainty_trigger,10,9,9,9,33.77955555555556,50.41845986480043,10,10,0.6915028921812371,1.0,0.6915028921812371,1.0,1.2598648004313873,0,180,0.009546805420807936,0.020308164971036647
sensitivity,margin_half,excited,60,always_probe,10,9,9,9,99.48622222222217,149.55707440289936,10,10,0.6915028921812371,1.0,0.6915028921812371,1.0,3.874402899418783,0,540,0.009546805420807936,0.02130549201438376
sensitivity,margin_half,excited,60,batch_aware,10,9,9,0,98.64022222222218,148.79921003419992,10,10,0.6915028921812371,1.0,0.6915028921812371,1.0,7.410034199983784,0,540,0.052195496698115774,0.02124044726538106
sensitivity,margin_half,excited,60,ignore_passive,10,9,9,9,99.48622222222217,149.5572416926006,10,10,0.6915028921812371,1.0,0.6915028921812371,1.0,4.04169260064009,0,540,0.009546805420807936,0.02130549201438376
sensitivity,margin_half,excited,60,passive,10,9,9,0,98.64022222222218,148.7956110866996,10,10,0.6915028921812371,1.0,0.6915028921812371,1.0,3.8110866996703407,0,540,0.052195496698115774,0.02124044726538106
sensitivity,margin_half,excited,60,uncertainty_trigger,10,9,9,9,99.48622222222217,149.55696954129982,10,10,0.6915028921812371,1.0,0.6915028921812371,1.0,3.769541299880075,0,540,0.009546805420807936,0.02130549201438376
sensitivity,margin_half,low_yaw,20,always_probe,10,9,9,9,33.77955555555556,50.41843601389978,10,10,0.6915028921812371,1.0,0.6915028921812371,1.0,1.2360138997792092,0,180,0.009546805420807936,0.018115319101294117
sensitivity,margin_half,low_yaw,20,batch_aware,10,9,9,0,32.94777777777778,49.671256526199556,10,10,0.6915028921812371,1.0,0.6915028921812371,1.0,2.6565261995529,0,180,0.052195496698115774,0.011531751272867688
sensitivity,margin_half,low_yaw,20,ignore_passive,10,9,9,9,33.77955555555556,50.41865847770009,10,10,0.6915028921812371,1.0,0.6915028921812371,1.0,1.4584777000891336,0,180,0.009546805420807936,0.018115319101294117
sensitivity,margin_half,low_yaw,20,passive,10,9,9,0,32.94777777777778,49.66989062150009,10,10,0.6915028921812371,1.0,0.6915028921812371,1.0,1.2906215000839438,0,180,0.052195496698115774,0.011531751272867688
sensitivity,margin_half,low_yaw,20,uncertainty_trigger,10,9,9,9,33.77955555555556,50.41866009329956,10,10,0.6915028921812371,1.0,0.6915028921812371,1.0,1.4600932995563198,0,180,0.009546805420807936,0.018115319101294117
sensitivity,margin_half,low_yaw,60,always_probe,10,9,9,9,99.48622222222217,149.55684528169874,10,10,0.6915028921812371,1.0,0.6915028921812371,1.0,3.645281698800318,0,540,0.009546805420807936,0.01835452153406797
sensitivity,margin_half,low_yaw,60,batch_aware,10,9,9,0,98.6544444444444,148.81190499579967,10,10,0.6915028921812371,1.0,0.6915028921812371,1.0,7.304995799722747,0,540,0.052195496698115774,0.014010984468653101
sensitivity,margin_half,low_yaw,60,ignore_passive,10,9,9,9,99.48622222222217,149.55738007130037,10,10,0.6915028921812371,1.0,0.6915028921812371,1.0,4.18007130042497,0,540,0.009546805420807936,0.01835452153406797
sensitivity,margin_half,low_yaw,60,passive,10,9,9,0,98.6544444444444,148.80830183359961,10,10,0.6915028921812371,1.0,0.6915028921812371,1.0,3.701833599689053,0,540,0.052195496698115774,0.014010984468653101
sensitivity,margin_half,low_yaw,60,uncertainty_trigger,10,9,9,9,99.48622222222217,149.55680503549996,10,10,0.6915028921812371,1.0,0.6915028921812371,1.0,3.6050355000043055,0,540,0.009546805420807936,0.01835452153406797
sensitivity,margin2,excited,20,always_probe,10,9,9,9,33.83355555555556,50.46699715690026,10,10,0.6915028921812371,1.0,0.6915028921812371,1.0,1.197156900252594,0,180,0.03818722168323174,0.008767158194865388
sensitivity,margin2,excited,20,batch_aware,10,9,9,0,33.17666666666667,49.87705957870012,10,10,0.6915028921812371,1.0,0.6915028921812371,1.0,2.4595787001089775,0,180,0.2087819867924631,0.009657059125642596
sensitivity,margin2,excited,20,ignore_passive,10,9,9,9,33.83355555555556,50.4671846915998,10,10,0.6915028921812371,1.0,0.6915028921812371,1.0,1.384691599787402,0,180,0.03818722168323174,0.008767158194865388
sensitivity,margin2,excited,20,passive,10,9,9,0,33.17666666666667,49.87580346949967,10,10,0.6915028921812371,1.0,0.6915028921812371,1.0,1.2034694996600592,0,180,0.2087819867924631,0.009657059125642596
sensitivity,margin2,excited,20,uncertainty_trigger,10,9,9,9,33.83355555555556,50.46701992959986,10,10,0.6915028921812371,1.0,0.6915028921812371,1.0,1.2199295998470916,0,180,0.03818722168323174,0.008767158194865388
sensitivity,margin2,excited,60,always_probe,10,9,9,9,99.54022222222218,149.60549535020036,10,10,0.6915028921812371,1.0,0.6915028921812371,1.0,3.6953502004053007,0,540,0.03818722168323174,0.011052986432465517
sensitivity,margin2,excited,60,batch_aware,10,9,9,0,98.88333333333328,149.0178758466996,10,10,0.6915028921812371,1.0,0.6915028921812371,1.0,7.275846699667454,0,540,0.2087819867924631,0.011202737505941944
sensitivity,margin2,excited,60,ignore_passive,10,9,9,9,99.54022222222218,149.60554833019995,10,10,0.6915028921812371,1.0,0.6915028921812371,1.0,3.748330200005512,0,540,0.03818722168323174,0.011052986432465517
sensitivity,margin2,excited,60,passive,10,9,9,0,98.88333333333328,149.01424053289992,10,10,0.6915028921812371,1.0,0.6915028921812371,1.0,3.640532899999016,0,540,0.2087819867924631,0.011202737505941944
sensitivity,margin2,excited,60,uncertainty_trigger,10,9,9,9,99.54022222222218,149.6055695285009,10,10,0.6915028921812371,1.0,0.6915028921812371,1.0,3.7695285009249346,0,540,0.03818722168323174,0.011052986432465517
sensitivity,margin2,low_yaw,20,always_probe,10,9,9,9,34.123111111111115,50.72758353009998,10,10,0.6915028921812371,1.0,0.6915028921812371,1.0,1.1835300999791798,0,180,0.03818722168323174,0.014380609303552665
sensitivity,margin2,low_yaw,20,batch_aware,10,9,9,0,34.071333333333335,50.68217093490001,10,10,0.6915028921812371,1.0,0.6915028921812371,1.0,2.3709349000000657,0,180,0.2087819867924631,0.012918474020253074
sensitivity,margin2,low_yaw,20,ignore_passive,10,9,9,9,34.123111111111115,50.72767050090005,10,10,0.6915028921812371,1.0,0.6915028921812371,1.0,1.2705009000455902,0,180,0.03818722168323174,0.014380609303552665
sensitivity,margin2,low_yaw,20,passive,10,9,9,0,34.071333333333335,50.68100515450026,10,10,0.6915028921812371,1.0,0.6915028921812371,1.0,1.2051545002577768,0,180,0.2087819867924631,0.012918474020253074
sensitivity,margin2,low_yaw,20,uncertainty_trigger,10,9,9,9,34.123111111111115,50.72761425469984,10,10,0.6915028921812371,1.0,0.6915028921812371,1.0,1.2142546998347825,0,180,0.03818722168323174,0.014380609303552665
sensitivity,margin2,low_yaw,60,always_probe,10,9,9,9,100.36599999999996,150.34859227399937,10,10,0.6915028921812371,1.0,0.6915028921812371,1.0,3.592273999402096,0,540,0.03818722168323174,0.012745718273926485
sensitivity,margin2,low_yaw,60,batch_aware,10,9,9,0,100.90222222222218,150.8348376114,10,10,0.6915028921812371,1.0,0.6915028921812371,1.0,7.237611400023525,0,540,0.2087819867924631,0.012298045921418754
sensitivity,margin2,low_yaw,60,ignore_passive,10,9,9,9,100.36599999999996,150.34869863249952,10,10,0.6915028921812371,1.0,0.6915028921812371,1.0,3.6986324995723407,0,540,0.03818722168323174,0.012745718273926485
sensitivity,margin2,low_yaw,60,passive,10,9,9,0,100.90222222222218,150.83125540009948,10,10,0.6915028921812371,1.0,0.6915028921812371,1.0,3.655400099523831,0,540,0.2087819867924631,0.012298045921418754
sensitivity,margin2,low_yaw,60,uncertainty_trigger,10,9,9,9,100.36599999999996,150.34856832490078,10,10,0.6915028921812371,1.0,0.6915028921812371,1.0,3.568324900834341,0,540,0.03818722168323174,0.012745718273926485
sensitivity,margin4,excited,20,always_probe,10,9,9,9,34.346000000000004,50.92818513900029,10,10,0.6915028921812371,1.0,0.6915028921812371,1.0,1.1851390002902917,0,180,0.07637444336646348,0.014594321314855711
sensitivity,margin4,excited,20,batch_aware,10,9,9,0,33.896666666666675,50.524946731299806,10,10,0.6915028921812371,1.0,0.6915028921812371,1.0,2.3467312998036505,0,180,0.4175639735849262,0.0134576359019736
sensitivity,margin4,excited,20,ignore_passive,10,9,9,9,34.346000000000004,50.92828186349952,10,10,0.6915028921812371,1.0,0.6915028921812371,1.0,1.2818634995255707,0,180,0.07637444336646348,0.014594321314855711
sensitivity,margin4,excited,20,passive,10,9,9,0,33.896666666666675,50.52379030810015,10,10,0.6915028921812371,1.0,0.6915028921812371,1.0,1.1903081001491955,0,180,0.4175639735849262,0.0134576359019736
sensitivity,margin4,excited,20,uncertainty_trigger,10,9,9,9,34.346000000000004,50.9282183761004,10,10,0.6915028921812371,1.0,0.6915028921812371,1.0,1.218376100405294,0,180,0.07637444336646348,0.014594321314855711
sensitivity,margin4,excited,60,always_probe,10,9,9,9,100.63977777777774,150.59497544529998,10,10,0.6915028921812371,1.0,0.6915028921812371,1.0,3.575445300020874,0,540,0.07637444336646348,0.01370332343319978
sensitivity,margin4,excited,60,batch_aware,10,9,9,0,100.24399999999996,150.2421605540995,10,10,0.6915028921812371,1.0,0.6915028921812371,1.0,6.960554099578076,0,540,0.4175639735849262,0.013834287404903393
sensitivity,margin4,excited,60,ignore_passive,10,9,9,9,100.63977777777774,150.59500226200083,10,10,0.6915028921812371,1.0,0.6915028921812371,1.0,3.602262000867995,0,540,0.07637444336646348,0.01370332343319978
sensitivity,margin4,excited,60,passive,10,9,9,0,100.24399999999996,150.23874735769974,10,10,0.6915028921812371,1.0,0.6915028921812371,1.0,3.5473576997901546,0,540,0.4175639735849262,0.013834287404903393
sensitivity,margin4,excited,60,uncertainty_trigger,10,9,9,9,100.63977777777774,150.59497200369998,10,10,0.6915028921812371,1.0,0.6915028921812371,1.0,3.572003700037385,0,540,0.07637444336646348,0.01370332343319978
sensitivity,margin4,low_yaw,20,always_probe,10,9,9,9,34.629111111111115,51.183029238199865,10,10,0.6915028921812371,1.0,0.6915028921812371,1.0,1.2292381998577184,0,180,0.07637444336646348,0.012165003113307156
sensitivity,margin4,low_yaw,20,batch_aware,10,9,9,9,34.629111111111115,51.184249563499755,10,10,0.6915028921812371,1.0,0.6915028921812371,1.0,2.4495634997492743,0,180,0.07637444336646348,0.012165003113307156
sensitivity,margin4,low_yaw,20,ignore_passive,10,9,9,9,34.629111111111115,51.1831398668998,10,10,0.6915028921812371,1.0,0.6915028921812371,1.0,1.3398668997979257,0,180,0.07637444336646348,0.012165003113307156
sensitivity,margin4,low_yaw,20,passive,10,9,9,0,35.75600000000001,52.197510577000685,10,10,0.6915028921812371,1.0,0.6915028921812371,1.0,1.5105770006812236,0,180,0.4175639735849262,0.012515790442449382
sensitivity,margin4,low_yaw,20,uncertainty_trigger,10,9,9,9,34.629111111111115,51.18309140980003,10,10,0.6915028921812371,1.0,0.6915028921812371,1.0,1.2914098000237573,0,180,0.07637444336646348,0.012165003113307156
sensitivity,margin4,low_yaw,60,always_probe,10,9,9,9,101.88199999999999,151.7130044757015,10,10,0.6915028921812371,1.0,0.6915028921812371,1.0,3.6044757015133655,0,540,0.07637444336646348,0.01135876991812166
sensitivity,margin4,low_yaw,60,batch_aware,10,9,9,9,101.88199999999999,151.7165740619994,10,10,0.6915028921812371,1.0,0.6915028921812371,1.0,7.17406199942161,0,540,0.07637444336646348,0.01135876991812166
sensitivity,margin4,low_yaw,60,ignore_passive,10,9,9,9,101.88199999999999,151.71337187259948,10,10,0.6915028921812371,1.0,0.6915028921812371,1.0,3.9718725995044224,0,540,0.07637444336646348,0.01135876991812166
sensitivity,margin4,low_yaw,60,passive,10,9,9,0,104.4688888888889,154.04114789059986,10,10,0.6915028921812371,1.0,0.6915028921812371,1.0,3.5478905998388655,0,540,0.4175639735849262,0.012579268079903814
sensitivity,margin4,low_yaw,60,uncertainty_trigger,10,9,9,9,101.88199999999999,151.71297487599983,10,10,0.6915028921812371,1.0,0.6915028921812371,1.0,3.5748759998568858,0,540,0.07637444336646348,0.01135876991812166
sensitivity,inflation4,excited,20,always_probe,10,9,9,9,33.77955555555556,50.41843675449977,10,10,0.6915028921812371,1.0,0.6915028921812371,1.0,1.2367544997687219,0,180,0.01336221611880524,0.01841780614454903
sensitivity,inflation4,excited,20,batch_aware,10,9,9,0,32.98355555555556,49.703218413400165,10,10,0.6915028921812371,1.0,0.6915028921812371,1.0,2.4184134001643542,0,180,0.10430842938976653,0.01817135865285178
sensitivity,inflation4,excited,20,ignore_passive,10,9,9,9,33.77955555555556,50.4184901703004,10,10,0.6915028921812371,1.0,0.6915028921812371,1.0,1.2901703003990406,0,180,0.01336221611880524,0.01841780614454903
sensitivity,inflation4,excited,20,passive,10,9,9,0,32.98355555555556,49.702048391800034,10,10,0.6915028921812371,1.0,0.6915028921812371,1.0,1.2483918000270933,0,180,0.10430842938976653,0.01817135865285178
sensitivity,inflation4,excited,20,uncertainty_trigger,10,9,9,9,33.77955555555556,50.4183891049006,10,10,0.6915028921812371,1.0,0.6915028921812371,1.0,1.1891049005953391,0,180,0.01336221611880524,0.01841780614454903
sensitivity,inflation4,excited,60,always_probe,10,9,9,9,99.48622222222217,149.5569549404984,10,10,0.6915028921812371,1.0,0.6915028921812371,1.0,3.7549404984474677,0,540,0.01336221611880524,0.019808353828465703
sensitivity,inflation4,excited,60,batch_aware,10,9,9,0,98.69022222222218,148.84446387809888,10,10,0.6915028921812371,1.0,0.6915028921812371,1.0,7.663878098901478,0,540,0.10430842938976653,0.019682779421335075
sensitivity,inflation4,excited,60,ignore_passive,10,9,9,9,99.48622222222217,149.55701586259954,10,10,0.6915028921812371,1.0,0.6915028921812371,1.0,3.815862599594766,0,540,0.01336221611880524,0.019808353828465703
sensitivity,inflation4,excited,60,passive,10,9,9,0,98.69022222222218,148.8406186178994,10,10,0.6915028921812371,1.0,0.6915028921812371,1.0,3.8186178994237707,0,540,0.10430842938976653,0.019682779421335075
sensitivity,inflation4,excited,60,uncertainty_trigger,10,9,9,9,99.48622222222217,149.55736191709954,10,10,0.6915028921812371,1.0,0.6915028921812371,1.0,4.161917099600032,0,540,0.01336221611880524,0.019808353828465703
sensitivity,inflation4,low_yaw,20,always_probe,10,9,9,9,33.77955555555556,50.418602267800225,10,10,0.6915028921812371,1.0,0.6915028921812371,1.0,1.4022678002220346,0,180,0.01336221611880524,0.015317324816925956
sensitivity,inflation4,low_yaw,20,batch_aware,10,9,9,0,33.08533333333334,49.79496151069925,10,10,0.6915028921812371,1.0,0.6915028921812371,1.0,2.561510699251812,0,180,0.10430842938976653,0.009560142702728277
sensitivity,inflation4,low_yaw,20,ignore_passive,10,9,9,9,33.77955555555556,50.41859794949987,10,10,0.6915028921812371,1.0,0.6915028921812371,1.0,1.3979494998693553,0,180,0.01336221611880524,0.015317324816925956
sensitivity,inflation4,low_yaw,20,passive,10,9,9,0,33.08533333333334,49.793665377199986,10,10,0.6915028921812371,1.0,0.6915028921812371,1.0,1.2653771999794117,0,180,0.10430842938976653,0.009560142702728277
sensitivity,inflation4,low_yaw,20,uncertainty_trigger,10,9,9,9,33.77955555555556,50.41849472579975,10,10,0.6915028921812371,1.0,0.6915028921812371,1.0,1.294725799743901,0,180,0.01336221611880524,0.015317324816925956
sensitivity,inflation4,low_yaw,60,always_probe,10,9,9,9,99.48622222222217,149.55689571110085,10,10,0.6915028921812371,1.0,0.6915028921812371,1.0,3.6957111009087384,0,540,0.01336221611880524,0.015635706214228925
sensitivity,inflation4,low_yaw,60,batch_aware,10,9,9,0,98.79199999999996,148.93576745189893,10,10,0.6915028921812371,1.0,0.6915028921812371,1.0,7.367451898971922,0,540,0.10430842938976653,0.01063847524884717
sensitivity,inflation4,low_yaw,60,ignore_passive,10,9,9,9,99.48622222222217,149.55693148560024,10,10,0.6915028921812371,1.0,0.6915028921812371,1.0,3.731485600292217,0,540,0.01336221611880524,0.015635706214228925
sensitivity,inflation4,low_yaw,60,passive,10,9,9,0,98.79199999999996,148.932130057101,10,10,0.6915028921812371,1.0,0.6915028921812371,1.0,3.7300571010291605,0,540,0.10430842938976653,0.01063847524884717
sensitivity,inflation4,low_yaw,60,uncertainty_trigger,10,9,9,9,99.48622222222217,149.5568649832996,10,10,0.6915028921812371,1.0,0.6915028921812371,1.0,3.6649832996317855,0,540,0.01336221611880524,0.015635706214228925
sensitivity,inflation64,excited,20,always_probe,10,9,9,9,33.78244444444445,50.421003591500366,10,10,0.6915028921812371,1.0,0.6915028921812371,1.0,1.2035915003707487,0,180,0.02738241590465163,0.011714118058200525
sensitivity,inflation64,excited,20,batch_aware,10,9,9,0,32.99777777777778,49.71593507410012,10,10,0.6915028921812371,1.0,0.6915028921812371,1.0,2.3350741001195274,0,180,0.10683418487756008,0.011782599788763344
sensitivity,inflation64,excited,20,ignore_passive,10,9,9,9,33.78244444444445,50.42104194080004,10,10,0.6915028921812371,1.0,0.6915028921812371,1.0,1.2419408000369003,0,180,0.02738241590465163,0.011714118058200525
sensitivity,inflation64,excited,20,passive,10,9,9,0,32.99777777777778,49.714805778500164,10,10,0.6915028921812371,1.0,0.6915028921812371,1.0,1.205778500161614,0,180,0.10683418487756008,0.011782599788763344
sensitivity,inflation64,excited,20,uncertainty_trigger,10,9,9,9,33.78244444444445,50.42100755229982,10,10,0.6915028921812371,1.0,0.6915028921812371,1.0,1.207552299820236,0,180,0.02738241590465163,0.011714118058200525
sensitivity,inflation64,excited,60,always_probe,10,9,9,9,99.48911111111107,149.55952774519923,10,10,0.6915028921812371,1.0,0.6915028921812371,1.0,3.727745199284982,0,540,0.02738241590465163,0.0145009688074367
sensitivity,inflation64,excited,60,batch_aware,10,9,9,0,98.70444444444439,148.8570995380001,10,10,0.6915028921812371,1.0,0.6915028921812371,1.0,7.499538000138273,0,540,0.10683418487756008,0.014433750314121384
sensitivity,inflation64,excited,60,ignore_passive,10,9,9,9,99.48911111111107,149.5597448718002,10,10,0.6915028921812371,1.0,0.6915028921812371,1.0,3.944871800240435,0,540,0.02738241590465163,0.0145009688074367
sensitivity,inflation64,excited,60,passive,10,9,9,0,98.70444444444439,148.85332439610002,10,10,0.6915028921812371,1.0,0.6915028921812371,1.0,3.724396100051308,0,540,0.10683418487756008,0.014433750314121384
sensitivity,inflation64,excited,60,uncertainty_trigger,10,9,9,9,99.48911111111107,149.55955483979906,10,10,0.6915028921812371,1.0,0.6915028921812371,1.0,3.754839799103138,0,540,0.02738241590465163,0.0145009688074367
sensitivity,inflation64,low_yaw,20,always_probe,10,9,9,9,33.83733333333334,50.470483643599934,10,10,0.6915028921812371,1.0,0.6915028921812371,1.0,1.2836435999361129,0,180,0.02738241590465163,0.008158219478727595
sensitivity,inflation64,low_yaw,20,batch_aware,10,9,9,0,33.58266666666667,50.24255634160003,10,10,0.6915028921812371,1.0,0.6915028921812371,1.0,2.5563416000295547,0,180,0.10683418487756008,0.013338397305066314
sensitivity,inflation64,low_yaw,20,ignore_passive,10,9,9,9,33.83733333333334,50.47050026170018,10,10,0.6915028921812371,1.0,0.6915028921812371,1.0,1.3002617001802719,0,180,0.02738241590465163,0.008158219478727595
sensitivity,inflation64,low_yaw,20,passive,10,9,9,0,33.58266666666667,50.24127880200016,10,10,0.6915028921812371,1.0,0.6915028921812371,1.0,1.2788020001607947,0,180,0.10683418487756008,0.013338397305066314
sensitivity,inflation64,low_yaw,20,uncertainty_trigger,10,9,9,9,33.83733333333334,50.47045232049991,10,10,0.6915028921812371,1.0,0.6915028921812371,1.0,1.2523204999070003,0,180,0.02738241590465163,0.008158219478727595
sensitivity,inflation64,low_yaw,60,always_probe,10,9,9,9,99.58444444444439,149.64518527099997,10,10,0.6915028921812371,1.0,0.6915028921812371,1.0,3.5852710000199295,0,540,0.02738241590465163,0.007680057341240549
sensitivity,inflation64,low_yaw,60,batch_aware,10,9,9,9,99.58444444444439,149.6489383725004,10,10,0.6915028921812371,1.0,0.6915028921812371,1.0,7.338372500453261,0,540,0.02738241590465163,0.007680057341240549
sensitivity,inflation64,low_yaw,60,ignore_passive,10,9,9,9,99.58444444444439,149.64529585960034,10,10,0.6915028921812371,1.0,0.6915028921812371,1.0,3.6958596003842104,0,540,0.02738241590465163,0.007680057341240549
sensitivity,inflation64,low_yaw,60,passive,10,9,9,0,100.05444444444441,150.06819320210045,10,10,0.6915028921812371,1.0,0.6915028921812371,1.0,3.593202100501003,0,540,0.10683418487756008,0.014709306352536656
sensitivity,inflation64,low_yaw,60,uncertainty_trigger,10,9,9,9,99.58444444444439,149.64526700799917,10,10,0.6915028921812371,1.0,0.6915028921812371,1.0,3.6670079992290994,0,540,0.02738241590465163,0.007680057341240549
sensitivity,probe_fast,excited,20,always_probe,10,4,9,9,33.31700000000001,133.58469194879996,10,10,0.6915028921812371,1.0,0.6915028921812371,1.0,0.49194879998140095,0,80,0.015843374372420952,0.015111969465680282
sensitivity,probe_fast,excited,20,batch_aware,10,9,9,0,32.98355555555556,49.70315954500022,10,10,0.6915028921812371,1.0,0.6915028921812371,1.0,2.359545000217622,0,180,0.10439099339623155,0.015304868761002807
sensitivity,probe_fast,excited,20,ignore_passive,10,4,9,9,33.31700000000001,133.5847560974002,10,10,0.6915028921812371,1.0,0.6915028921812371,1.0,0.5560974002037256,0,80,0.015843374372420952,0.015111969465680282
sensitivity,probe_fast,excited,20,passive,10,9,9,0,32.98355555555556,49.70197820820056,10,10,0.6915028921812371,1.0,0.6915028921812371,1.0,1.1782082005538541,0,180,0.10439099339623155,0.015304868761002807
sensitivity,probe_fast,excited,20,uncertainty_trigger,10,4,9,9,33.31700000000001,133.58470574070017,10,10,0.6915028921812371,1.0,0.6915028921812371,1.0,0.5057407001913816,0,80,0.015843374372420952,0.015111969465680282
sensitivity,probe_fast,excited,60,always_probe,10,4,9,9,98.51699999999997,399.6657131681,10,10,0.6915028921812371,1.0,0.6915028921812371,1.0,1.5131680999729724,0,240,0.015843374372420952,0.0169767483948344
sensitivity,probe_fast,excited,60,batch_aware,10,9,9,0,98.69022222222218,148.8443755799994,10,10,0.6915028921812371,1.0,0.6915028921812371,1.0,7.575579999411275,0,540,0.10439099339623155,0.01744548673337893
sensitivity,probe_fast,excited,60,ignore_passive,10,4,9,9,98.51699999999997,399.6657791846003,10,10,0.6915028921812371,1.0,0.6915028921812371,1.0,1.5791846002684906,0,240,0.015843374372420952,0.0169767483948344
sensitivity,probe_fast,excited,60,passive,10,9,9,0,98.69022222222218,148.84054093000006,10,10,0.6915028921812371,1.0,0.6915028921812371,1.0,3.7409300000945223,0,540,0.10439099339623155,0.01744548673337893
sensitivity,probe_fast,excited,60,uncertainty_trigger,10,4,9,9,98.51699999999997,399.6657784974001,10,10,0.6915028921812371,1.0,0.6915028921812371,1.0,1.5784974000780494,0,240,0.015843374372420952,0.0169767483948344
sensitivity,probe_fast,low_yaw,20,always_probe,10,4,9,9,33.31700000000001,133.58473556150054,10,10,0.6915028921812371,1.0,0.6915028921812371,1.0,0.5355615005555592,0,80,0.015843374372420952,0.012127596343982446
sensitivity,probe_fast,low_yaw,20,batch_aware,10,9,9,0,33.355111111111114,50.037603045200214,10,10,0.6915028921812371,1.0,0.6915028921812371,1.0,2.4030452002079983,0,180,0.10439099339623155,0.014147064063119727
sensitivity,probe_fast,low_yaw,20,ignore_passive,10,4,9,9,33.31700000000001,133.58476930040018,10,10,0.6915028921812371,1.0,0.6915028921812371,1.0,0.5693004001841473,0,80,0.015843374372420952,0.012127596343982446
sensitivity,probe_fast,low_yaw,20,passive,10,9,9,0,33.355111111111114,50.03642942640023,10,10,0.6915028921812371,1.0,0.6915028921812371,1.0,1.2294264002321142,0,180,0.10439099339623155,0.014147064063119727
sensitivity,probe_fast,low_yaw,20,uncertainty_trigger,10,4,9,9,33.31700000000001,133.58471288169974,10,10,0.6915028921812371,1.0,0.6915028921812371,1.0,0.5128816997512331,0,80,0.015843374372420952,0.012127596343982446
sensitivity,probe_fast,low_yaw,60,always_probe,10,4,9,9,98.51699999999997,399.6657348277005,10,10,0.6915028921812371,1.0,0.6915028921812371,1.0,1.5348277004704869,0,240,0.015843374372420952,0.012410905812125358
sensitivity,probe_fast,low_yaw,60,batch_aware,10,9,9,0,99.14466666666662,149.25295552079925,10,10,0.6915028921812371,1.0,0.6915028921812371,1.0,7.155520799278747,0,540,0.10439099339623155,0.009540503569452456
sensitivity,probe_fast,low_yaw,60,ignore_passive,10,4,9,9,98.51699999999997,399.6657796997,10,10,0.6915028921812371,1.0,0.6915028921812371,1.0,1.5796997000506963,0,240,0.015843374372420952,0.012410905812125358
sensitivity,probe_fast,low_yaw,60,passive,10,9,9,0,99.14466666666662,149.2494069881997,10,10,0.6915028921812371,1.0,0.6915028921812371,1.0,3.606988199726402,0,540,0.10439099339623155,0.009540503569452456
sensitivity,probe_fast,low_yaw,60,uncertainty_trigger,10,4,9,9,98.51699999999997,399.6657570419003,10,10,0.6915028921812371,1.0,0.6915028921812371,1.0,1.5570419003324787,0,240,0.015843374372420952,0.012410905812125358
sensitivity,probe_slow,excited,20,always_probe,10,9,9,9,34.18244444444445,50.780986488800025,10,10,0.6915028921812371,1.0,0.6915028921812371,1.0,1.1864888000218343,0,180,0.02527422295939475,0.01513074912793926
sensitivity,probe_slow,excited,20,batch_aware,10,9,9,0,32.98355555555556,49.70315035310066,10,10,0.6915028921812371,1.0,0.6915028921812371,1.0,2.3503531006554113,0,180,0.10439099339623155,0.015304868761002807
sensitivity,probe_slow,excited,20,ignore_passive,10,9,9,9,34.18244444444445,50.78102587379974,10,10,0.6915028921812371,1.0,0.6915028921812371,1.0,1.2258737997399294,0,180,0.02527422295939475,0.01513074912793926
sensitivity,probe_slow,excited,20,passive,10,9,9,0,32.98355555555556,49.70200157749989,10,10,0.6915028921812371,1.0,0.6915028921812371,1.0,1.2015774998872075,0,180,0.10439099339623155,0.015304868761002807
sensitivity,probe_slow,excited,20,uncertainty_trigger,10,9,9,9,34.18244444444445,50.78099144109954,10,10,0.6915028921812371,1.0,0.6915028921812371,1.0,1.1914410995359503,0,180,0.02527422295939475,0.01513074912793926
sensitivity,probe_slow,excited,60,always_probe,10,9,9,9,99.88911111111106,149.9194657379005,10,10,0.6915028921812371,1.0,0.6915028921812371,1.0,3.665737900564636,0,540,0.02527422295939475,0.017414462293433828
sensitivity,probe_slow,excited,60,batch_aware,10,9,9,0,98.69022222222218,148.84385362590012,10,10,0.6915028921812371,1.0,0.6915028921812371,1.0,7.053625900152838,0,540,0.10439099339623155,0.01744548673337893
sensitivity,probe_slow,excited,60,ignore_passive,10,9,9,9,99.88911111111106,149.9194814244,10,10,0.6915028921812371,1.0,0.6915028921812371,1.0,3.681424400065225,0,540,0.02527422295939475,0.017414462293433828
sensitivity,probe_slow,excited,60,passive,10,9,9,0,98.69022222222218,148.8404290862995,10,10,0.6915028921812371,1.0,0.6915028921812371,1.0,3.629086299542905,0,540,0.10439099339623155,0.01744548673337893
sensitivity,probe_slow,excited,60,uncertainty_trigger,10,9,9,9,99.88911111111106,149.91947755479836,10,10,0.6915028921812371,1.0,0.6915028921812371,1.0,3.6775547984234436,0,540,0.02527422295939475,0.017414462293433828
sensitivity,probe_slow,low_yaw,20,always_probe,10,9,9,9,34.18533333333333,50.78361605870053,10,10,0.6915028921812371,1.0,0.6915028921812371,1.0,1.2160587005382695,0,180,0.02527422295939475,0.007376543102507012
sensitivity,probe_slow,low_yaw,20,batch_aware,10,9,9,0,33.355111111111114,50.03761751340023,10,10,0.6915028921812371,1.0,0.6915028921812371,1.0,2.41751340022347,0,180,0.10439099339623155,0.014147064063119727
sensitivity,probe_slow,low_yaw,20,ignore_passive,10,9,9,9,34.18533333333333,50.78364850989973,10,10,0.6915028921812371,1.0,0.6915028921812371,1.0,1.2485098997331079,0,180,0.02527422295939475,0.007376543102507012
sensitivity,probe_slow,low_yaw,20,passive,10,9,9,0,33.355111111111114,50.03644558789967,10,10,0.6915028921812371,1.0,0.6915028921812371,1.0,1.245587899666134,0,180,0.10439099339623155,0.014147064063119727
sensitivity,probe_slow,low_yaw,20,uncertainty_trigger,10,9,9,9,34.18533333333333,50.78366281479947,10,10,0.6915028921812371,1.0,0.6915028921812371,1.0,1.2628147994746541,0,180,0.02527422295939475,0.007376543102507012
sensitivity,probe_slow,low_yaw,60,always_probe,10,9,9,9,99.89199999999997,149.92209725659967,10,10,0.6915028921812371,1.0,0.6915028921812371,1.0,3.6972565997075435,0,540,0.02527422295939475,0.008494228762314295
sensitivity,probe_slow,low_yaw,60,batch_aware,10,9,9,0,99.14466666666662,149.2528990153,10,10,0.6915028921812371,1.0,0.6915028921812371,1.0,7.099015300036626,0,540,0.10439099339623155,0.009540503569452456
sensitivity,probe_slow,low_yaw,60,ignore_passive,10,9,9,9,99.89199999999997,149.92233750540098,10,10,0.6915028921812371,1.0,0.6915028921812371,1.0,3.9375054010179156,0,540,0.02527422295939475,0.008494228762314295
sensitivity,probe_slow,low_yaw,60,passive,10,9,9,0,99.14466666666662,149.24947239769944,10,10,0.6915028921812371,1.0,0.6915028921812371,1.0,3.672397699483554,0,540,0.10439099339623155,0.009540503569452456
sensitivity,probe_slow,low_yaw,60,uncertainty_trigger,10,9,9,9,99.89199999999997,149.92207052679947,10,10,0.6915028921812371,1.0,0.6915028921812371,1.0,3.670526799533036,0,540,0.02527422295939475,0.008494228762314295
sensitivity,allowance07,excited,20,always_probe,10,9,9,9,33.77955555555556,50.41839531710043,10,10,0.6915028921812371,1.0,0.6915028921812371,1.0,1.1953171004279284,0,180,0.01909361084161587,0.015616329942073274
sensitivity,allowance07,excited,20,batch_aware,10,9,9,0,32.98355555555556,49.70325482240007,10,10,0.6915028921812371,1.0,0.6915028921812371,1.0,2.454822400068224,0,180,0.10439099339623155,0.015304868761002807
sensitivity,allowance07,excited,20,ignore_passive,10,9,9,9,33.77955555555556,50.418514624399904,10,10,0.6915028921812371,1.0,0.6915028921812371,1.0,1.3146243999017315,0,180,0.01909361084161587,0.015616329942073274
sensitivity,allowance07,excited,20,passive,10,9,9,0,32.98355555555556,49.70214507379976,10,10,0.6915028921812371,1.0,0.6915028921812371,1.0,1.3450737997573015,0,180,0.10439099339623155,0.015304868761002807
sensitivity,allowance07,excited,20,uncertainty_trigger,10,9,9,9,33.77955555555556,50.41839878440019,10,10,0.6915028921812371,1.0,0.6915028921812371,1.0,1.1987844001851045,0,180,0.01909361084161587,0.015616329942073274
sensitivity,allowance07,excited,60,always_probe,10,9,9,9,99.48622222222217,149.55704735190082,10,10,0.6915028921812371,1.0,0.6915028921812371,1.0,3.8473519008675794,0,540,0.01909361084161587,0.017610984028767502
sensitivity,allowance07,excited,60,batch_aware,10,9,9,0,98.69022222222218,148.84436627650123,10,10,0.6915028921812371,1.0,0.6915028921812371,1.0,7.566276501256652,0,540,0.10439099339623155,0.01744548673337893
sensitivity,allowance07,excited,60,ignore_passive,10,9,9,9,99.48622222222217,149.55699316820068,10,10,0.6915028921812371,1.0,0.6915028921812371,1.0,3.7931682007183554,0,540,0.01909361084161587,0.017610984028767502
sensitivity,allowance07,excited,60,passive,10,9,9,0,98.69022222222218,148.84065754580052,10,10,0.6915028921812371,1.0,0.6915028921812371,1.0,3.8575458005652763,0,540,0.10439099339623155,0.01744548673337893
sensitivity,allowance07,excited,60,uncertainty_trigger,10,9,9,9,99.48622222222217,149.5571415281998,10,10,0.6915028921812371,1.0,0.6915028921812371,1.0,3.9415281998572027,0,540,0.01909361084161587,0.017610984028767502
sensitivity,allowance07,low_yaw,20,always_probe,10,9,9,9,33.77955555555556,50.41843362820059,10,10,0.6915028921812371,1.0,0.6915028921812371,1.0,1.2336282005890098,0,180,0.01909361084161587,0.011230638202588204
sensitivity,allowance07,low_yaw,20,batch_aware,10,9,9,0,33.355111111111114,50.037748689399606,10,10,0.6915028921812371,1.0,0.6915028921812371,1.0,2.5486893996003346,0,180,0.10439099339623155,0.014147064063119727
sensitivity,allowance07,low_yaw,20,ignore_passive,10,9,9,9,33.77955555555556,50.418554258100315,10,10,0.6915028921812371,1.0,0.6915028921812371,1.0,1.35425810030938,0,180,0.01909361084161587,0.011230638202588204
sensitivity,allowance07,low_yaw,20,passive,10,9,9,0,33.355111111111114,50.03650430390041,10,10,0.6915028921812371,1.0,0.6915028921812371,1.0,1.304303900406012,0,180,0.10439099339623155,0.014147064063119727
sensitivity,allowance07,low_yaw,20,uncertainty_trigger,10,9,9,9,33.77955555555556,50.4185786601995,10,10,0.6915028921812371,1.0,0.6915028921812371,1.0,1.378660199497972,0,180,0.01909361084161587,0.011230638202588204
sensitivity,allowance07,low_yaw,60,always_probe,10,9,9,9,99.48622222222217,149.55699832150054,10,10,0.6915028921812371,1.0,0.6915028921812371,1.0,3.7983215006079263,0,540,0.01909361084161587,0.011709043068135914
sensitivity,allowance07,low_yaw,60,batch_aware,10,9,9,0,99.14466666666662,149.25317748339958,10,10,0.6915028921812371,1.0,0.6915028921812371,1.0,7.377483399613993,0,540,0.10439099339623155,0.009540503569452456
sensitivity,allowance07,low_yaw,60,ignore_passive,10,9,9,9,99.48622222222217,149.55706256549917,10,10,0.6915028921812371,1.0,0.6915028921812371,1.0,3.862565499230186,0,540,0.01909361084161587,0.011709043068135914
sensitivity,allowance07,low_yaw,60,passive,10,9,9,0,99.14466666666662,149.24988839519966,10,10,0.6915028921812371,1.0,0.6915028921812371,1.0,4.088395199687511,0,540,0.10439099339623155,0.009540503569452456
sensitivity,allowance07,low_yaw,60,uncertainty_trigger,10,9,9,9,99.48622222222217,149.55687165509946,10,10,0.6915028921812371,1.0,0.6915028921812371,1.0,3.671655099515192,0,540,0.01909361084161587,0.011709043068135914
sensitivity,allowance11,excited,20,always_probe,10,9,9,9,33.77955555555556,50.41841686500011,10,10,0.6915028921812371,1.0,0.6915028921812371,1.0,1.2168650001058268,0,180,0.01909361084161587,0.015616329942073274
sensitivity,allowance11,excited,20,batch_aware,10,9,9,0,32.98355555555556,49.703257674299834,10,10,0.6915028921812371,1.0,0.6915028921812371,1.0,2.4576742998306145,0,180,0.10439099339623155,0.015304868761002807
sensitivity,allowance11,excited,20,ignore_passive,10,9,9,9,33.77955555555556,50.41847576070059,10,10,0.6915028921812371,1.0,0.6915028921812371,1.0,1.2757607005823957,0,180,0.01909361084161587,0.015616329942073274
sensitivity,allowance11,excited,20,passive,10,9,9,0,32.98355555555556,49.7020380173002,10,10,0.6915028921812371,1.0,0.6915028921812371,1.0,1.2380173001929506,0,180,0.10439099339623155,0.015304868761002807
sensitivity,allowance11,excited,20,uncertainty_trigger,10,9,9,9,33.77955555555556,50.4183907979007,10,10,0.6915028921812371,1.0,0.6915028921812371,1.0,1.190797900699181,0,180,0.01909361084161587,0.015616329942073274
sensitivity,allowance11,excited,60,always_probe,10,9,9,9,99.48622222222217,149.55693405089932,10,10,0.6915028921812371,1.0,0.6915028921812371,1.0,3.734050899356589,0,540,0.01909361084161587,0.017610984028767502
sensitivity,allowance11,excited,60,batch_aware,10,9,9,0,98.69022222222218,148.8440173874007,10,10,0.6915028921812371,1.0,0.6915028921812371,1.0,7.21738740071487,0,540,0.10439099339623155,0.01744548673337893
sensitivity,allowance11,excited,60,ignore_passive,10,9,9,9,99.48622222222217,149.55690625759968,10,10,0.6915028921812371,1.0,0.6915028921812371,1.0,3.7062575997424574,0,540,0.01909361084161587,0.017610984028767502
sensitivity,allowance11,excited,60,passive,10,9,9,0,98.69022222222218,148.8404238072,10,10,0.6915028921812371,1.0,0.6915028921812371,1.0,3.6238072000287502,0,540,0.10439099339623155,0.01744548673337893
sensitivity,allowance11,excited,60,uncertainty_trigger,10,9,9,9,99.48622222222217,149.5568261386005,10,10,0.6915028921812371,1.0,0.6915028921812371,1.0,3.6261386005662644,0,540,0.01909361084161587,0.017610984028767502
sensitivity,allowance11,low_yaw,20,always_probe,10,9,9,9,33.77955555555556,50.41841380099991,10,10,0.6915028921812371,1.0,0.6915028921812371,1.0,1.2138009999034693,0,180,0.01909361084161587,0.011230638202588204
sensitivity,allowance11,low_yaw,20,batch_aware,10,9,9,0,33.355111111111114,50.037699422000124,10,10,0.6915028921812371,1.0,0.6915028921812371,1.0,2.4994220001190115,0,180,0.10439099339623155,0.014147064063119727
sensitivity,allowance11,low_yaw,20,ignore_passive,10,9,9,9,33.77955555555556,50.418529236199944,10,10,0.6915028921812371,1.0,0.6915028921812371,1.0,1.3292361999447166,0,180,0.01909361084161587,0.011230638202588204
sensitivity,allowance11,low_yaw,20,passive,10,9,9,0,33.355111111111114,50.03640514210012,10,10,0.6915028921812371,1.0,0.6915028921812371,1.0,1.2051421001160634,0,180,0.10439099339623155,0.014147064063119727
sensitivity,allowance11,low_yaw,20,uncertainty_trigger,10,9,9,9,33.77955555555556,50.41862504909996,10,10,0.6915028921812371,1.0,0.6915028921812371,1.0,1.4250490999529575,0,180,0.01909361084161587,0.011230638202588204
sensitivity,allowance11,low_yaw,60,always_probe,10,9,9,9,99.48622222222217,149.5569575580995,10,10,0.6915028921812371,1.0,0.6915028921812371,1.0,3.757558099550806,0,540,0.01909361084161587,0.011709043068135914
sensitivity,allowance11,low_yaw,60,batch_aware,10,9,9,0,99.14466666666662,149.2535026503997,10,10,0.6915028921812371,1.0,0.6915028921812371,1.0,7.702650399733102,0,540,0.10439099339623155,0.009540503569452456
sensitivity,allowance11,low_yaw,60,ignore_passive,10,9,9,9,99.48622222222217,149.55697602050012,10,10,0.6915028921812371,1.0,0.6915028921812371,1.0,3.776020500163213,0,540,0.01909361084161587,0.011709043068135914
sensitivity,allowance11,low_yaw,60,passive,10,9,9,0,99.14466666666662,149.24953672699903,10,10,0.6915028921812371,1.0,0.6915028921812371,1.0,3.736726999068196,0,540,0.10439099339623155,0.009540503569452456
sensitivity,allowance11,low_yaw,60,uncertainty_trigger,10,9,9,9,99.48622222222217,149.5569483481005,10,10,0.6915028921812371,1.0,0.6915028921812371,1.0,3.748348100543808,0,540,0.01909361084161587,0.011709043068135914
mismatch,friction075,excited,20,always_probe,30,27,27,27,33.99370370370371,50.61103388123333,3,30,0.021117137029722604,0.2652884504742082,0.8842966917779725,1.0,1.233881233338252,0,540,0.01905524235072671,0.015517896921127471
mismatch,friction075,excited,20,batch_aware,30,27,27,0,33.19770370370371,49.89583047143314,3,30,0.021117137029722604,0.2652884504742082,0.8842966917779725,1.0,2.4304714331416712,0,540,0.10439130013590314,0.015184891111770495
mismatch,friction075,excited,20,ignore_passive,30,27,27,27,33.99370370370371,50.6111354841664,3,30,0.021117137029722604,0.2652884504742082,0.8842966917779725,1.0,1.3354841663992072,0,540,0.01905524235072671,0.015517896921127471
mismatch,friction075,excited,20,oracle,30,30,30,0,33.05333333333334,33.054755809533056,30,30,0.8842966917779725,1.0,0.8842966917779725,1.0,1.4224761997108242,0,600,1.571872321036738e-05,0.024988659233768102
mismatch,friction075,excited,20,passive,30,27,27,0,33.19770370370371,49.89463286156644,3,30,0.021117137029722604,0.2652884504742082,0.8842966917779725,1.0,1.2328615664349247,0,540,0.10439130013590314,0.015184891111770495
mismatch,friction075,excited,20,uncertainty_trigger,30,27,27,27,33.99370370370371,50.61104733886636,3,30,0.021117137029722604,0.2652884504742082,0.8842966917779725,1.0,1.2473388663693186,0,540,0.01905524235072671,0.015517896921127471
mismatch,friction075,low_yaw,20,always_probe,30,27,27,27,33.99370370370371,50.61116641219984,3,30,0.021117137029722604,0.2652884504742082,0.8842966917779725,1.0,1.3664121998469152,0,540,0.01905524235072671,0.011152397557802252
mismatch,friction075,low_yaw,20,batch_aware,30,27,27,0,33.57607407407408,50.23663916913332,3,30,0.021117137029722604,0.2652884504742082,0.8842966917779725,1.0,2.7058357999825,0,540,0.10439130013590314,0.01400751494518141
mismatch,friction075,low_yaw,20,ignore_passive,30,27,27,27,33.99370370370371,50.61121547456663,3,30,0.021117137029722604,0.2652884504742082,0.8842966917779725,1.0,1.4154745666322317,0,540,0.01905524235072671,0.011152397557802252
mismatch,friction075,low_yaw,20,oracle,30,30,30,0,33.05333333333334,33.054860910466985,30,30,0.8842966917779725,1.0,0.8842966917779725,1.0,1.5275771336443238,0,600,1.571872321036738e-05,0.024988659233768102
mismatch,friction075,low_yaw,20,passive,30,27,27,0,33.57607407407408,50.235291966566756,3,30,0.021117137029722604,0.2652884504742082,0.8842966917779725,1.0,1.3586332334246738,0,540,0.10439130013590314,0.01400751494518141
mismatch,friction075,low_yaw,20,uncertainty_trigger,30,27,27,27,33.99370370370371,50.6112069684665,3,30,0.021117137029722604,0.2652884504742082,0.8842966917779725,1.0,1.406968466502197,0,540,0.01905524235072671,0.011152397557802252
mismatch,friction125,excited,20,always_probe,30,27,27,27,33.99385185185185,50.61141056253347,3,30,0.021117137029722604,0.2652884504742082,0.8842966917779725,1.0,1.343895866815122,0,540,0.01913124681147614,0.0155094310582392
mismatch,friction125,excited,20,batch_aware,30,27,27,0,33.19785185185186,49.896406817699976,3,30,0.021117137029722604,0.2652884504742082,0.8842966917779725,1.0,2.7401510333068777,0,540,0.10439057831652733,0.015179076946411995
mismatch,friction125,excited,20,ignore_passive,30,27,27,27,33.99385185185185,50.611515193433284,3,30,0.021117137029722604,0.2652884504742082,0.8842966917779725,1.0,1.448526766625946,0,540,0.01913124681147614,0.0155094310582392
mismatch,friction125,excited,20,oracle,30,30,30,0,33.05333333333334,33.05490451449994,30,30,0.8842966917779725,1.0,0.8842966917779725,1.0,1.57118116659755,0,600,1.571872321036738e-05,0.024988659233768102
mismatch,friction125,excited,20,passive,30,27,27,0,33.19785185185186,49.895036265300334,3,30,0.021117137029722604,0.2652884504742082,0.8842966917779725,1.0,1.3695986336642818,0,540,0.10439057831652733,0.015179076946411995
mismatch,friction125,excited,20,uncertainty_trigger,30,27,27,27,33.99385185185185,50.61144661873329,3,30,0.021117137029722604,0.2652884504742082,0.8842966917779725,1.0,1.3799520666301153,0,540,0.01913124681147614,0.0155094310582392
mismatch,friction125,low_yaw,20,always_probe,30,27,27,27,33.99385185185185,50.61141899446661,3,30,0.021117137029722604,0.2652884504742082,0.8842966917779725,1.0,1.3523277999562804,0,540,0.01913124681147614,0.011119827248833527
mismatch,friction125,low_yaw,20,batch_aware,30,27,27,0,33.57066666666667,50.23188577553356,3,30,0.021117137029722604,0.2652884504742082,0.8842966917779725,1.0,2.685775533564083,0,540,0.10439057831652733,0.013928024048679566
mismatch,friction125,low_yaw,20,ignore_passive,30,27,27,27,33.99385185185185,50.611470570533356,3,30,0.021117137029722604,0.2652884504742082,0.8842966917779725,1.0,1.4039038667002994,0,540,0.01913124681147614,0.011119827248833527
mismatch,friction125,low_yaw,20,oracle,30,30,30,0,33.05333333333334,33.054880287066645,30,30,0.8842966917779725,1.0,0.8842966917779725,1.0,1.54695373330469,0,600,1.571872321036738e-05,0.024988659233768102
mismatch,friction125,low_yaw,20,passive,30,27,27,0,33.57066666666667,50.23052342383302,3,30,0.021117137029722604,0.2652884504742082,0.8842966917779725,1.0,1.3234238330217825,0,540,0.10439057831652733,0.013928024048679566
mismatch,friction125,low_yaw,20,uncertainty_trigger,30,27,27,27,33.99385185185185,50.61141427670015,3,30,0.021117137029722604,0.2652884504742082,0.8842966917779725,1.0,1.347610033493159,0,540,0.01913124681147614,0.011119827248833527
mismatch,asymmetric,excited,20,always_probe,30,27,27,27,33.99340740740741,50.61109813273304,3,30,0.021117137029722604,0.2652884504742082,0.8842966917779725,1.0,1.2981327330483812,0,540,0.019122104480066796,0.015510958057244909
mismatch,asymmetric,excited,20,batch_aware,30,27,27,0,33.19740740740741,49.89598800933345,3,30,0.021117137029722604,0.2652884504742082,0.8842966917779725,1.0,2.5880093334459766,0,540,0.10439064018489436,0.015174257248563694
mismatch,asymmetric,excited,20,ignore_passive,30,27,27,27,33.99340740740741,50.61125931866702,3,30,0.021117137029722604,0.2652884504742082,0.8842966917779725,1.0,1.4593186670178209,0,540,0.019122104480066796,0.015510958057244909
mismatch,asymmetric,excited,20,oracle,30,30,30,0,33.05333333333334,33.054812739433125,30,30,0.8842966917779725,1.0,0.8842966917779725,1.0,1.4794060997852891,0,600,1.571872321036738e-05,0.024988659233768102
mismatch,asymmetric,excited,20,passive,30,27,27,0,33.19740740740741,49.89468621296684,3,30,0.021117137029722604,0.2652884504742082,0.8842966917779725,1.0,1.2862129668368045,0,540,0.10439064018489436,0.015174257248563694
mismatch,asymmetric,excited,20,uncertainty_trigger,30,27,27,27,33.99340740740741,50.61114078176659,3,30,0.021117137029722604,0.2652884504742082,0.8842966917779725,1.0,1.3407817665968953,0,540,0.019122104480066796,0.015510958057244909
mismatch,asymmetric,low_yaw,20,always_probe,30,27,27,27,33.99340740740741,50.61105244746653,3,30,0.021117137029722604,0.2652884504742082,0.8842966917779725,1.0,1.2524474665345526,0,540,0.019122104480066796,0.011119179033349679
mismatch,asymmetric,low_yaw,20,batch_aware,30,27,27,0,33.57207407407408,50.23317198009976,3,30,0.021117137029722604,0.2652884504742082,0.8842966917779725,1.0,2.5719800997649145,0,540,0.10439064018489436,0.013968246528626112
mismatch,asymmetric,low_yaw,20,ignore_passive,30,27,27,27,33.99340740740741,50.61112465436622,3,30,0.021117137029722604,0.2652884504742082,0.8842966917779725,1.0,1.324654366226241,0,540,0.019122104480066796,0.011119179033349679
mismatch,asymmetric,low_yaw,20,oracle,30,30,30,0,33.05333333333334,33.05472057849986,30,30,0.8842966917779725,1.0,0.8842966917779725,1.0,1.3872451665217038,0,600,1.571872321036738e-05,0.024988659233768102
mismatch,asymmetric,low_yaw,20,passive,30,27,27,0,33.57207407407408,50.2318643705999,3,30,0.021117137029722604,0.2652884504742082,0.8842966917779725,1.0,1.2643705999077308,0,540,0.10439064018489436,0.013968246528626112
mismatch,asymmetric,low_yaw,20,uncertainty_trigger,30,27,27,27,33.99340740740741,50.6110861855669,3,30,0.021117137029722604,0.2652884504742082,0.8842966917779725,1.0,1.2861855668991968,0,540,0.019122104480066796,0.011119179033349679
mismatch,physical_payload,excited,20,always_probe,30,27,27,27,33.99362962962963,50.611151251232904,30,30,0.8842966917779725,1.0,0.8842966917779725,1.0,1.3512512329119393,0,540,0.019408526662166414,0.014058720425796693
mismatch,physical_payload,excited,20,batch_aware,30,27,27,0,33.19762962962963,49.89621495940027,30,30,0.8842966917779725,1.0,0.8842966917779725,1.0,2.8149594002722247,0,540,0.10438995548634815,0.013711397891778596
mismatch,physical_payload,excited,20,ignore_passive,30,27,27,27,33.99362962962963,50.61130565326651,30,30,0.8842966917779725,1.0,0.8842966917779725,1.0,1.5056532665160678,0,540,0.019408526662166414,0.014058720425796693
mismatch,physical_payload,excited,20,oracle,30,30,30,0,33.05333333333334,33.054836812133615,30,30,0.8842966917779725,1.0,0.8842966917779725,1.0,1.5034788002746307,0,600,1.673617697355736e-05,0.02498624973578123
mismatch,physical_payload,excited,20,passive,30,27,27,0,33.19762962962963,49.89472498353343,30,30,0.8842966917779725,1.0,0.8842966917779725,1.0,1.3249835334287734,0,540,0.10438995548634815,0.013711397891778596
mismatch,physical_payload,excited,20,uncertainty_trigger,30,27,27,27,33.99362962962963,50.61114401836652,30,30,0.8842966917779725,1.0,0.8842966917779725,1.0,1.3440183665200796,0,540,0.019408526662166414,0.014058720425796693
mismatch,physical_payload,low_yaw,20,always_probe,30,27,27,27,33.99362962962963,50.61105098396644,30,30,0.8842966917779725,1.0,0.8842966917779725,1.0,1.250983966444134,0,540,0.019408526662166414,0.008944874085138796
mismatch,physical_payload,low_yaw,20,batch_aware,30,27,27,0,33.687481481481484,50.3367384733996,30,30,0.8842966917779725,1.0,0.8842966917779725,1.0,2.471806732925567,0,540,0.10438995548634815,0.01496185070025561
mismatch,physical_payload,low_yaw,20,ignore_passive,30,27,27,27,33.99362962962963,50.61109645150021,30,30,0.8842966917779725,1.0,0.8842966917779725,1.0,1.2964515002143646,0,540,0.019408526662166414,0.008944874085138796
mismatch,physical_payload,low_yaw,20,oracle,30,30,30,0,33.05333333333334,33.05475495036661,30,30,0.8842966917779725,1.0,0.8842966917779725,1.0,1.421617033262616,0,600,1.673617697355736e-05,0.02498624973578123
mismatch,physical_payload,low_yaw,20,passive,30,27,27,0,33.687481481481484,50.33550355156658,30,30,0.8842966917779725,1.0,0.8842966917779725,1.0,1.2368848999055142,0,540,0.10438995548634815,0.01496185070025561
mismatch,physical_payload,low_yaw,20,uncertainty_trigger,30,27,27,27,33.99362962962963,50.611145747800144,30,30,0.8842966917779725,1.0,0.8842966917779725,1.0,1.345747800147971,0,540,0.019408526662166414,0.008944874085138796
break_even,noise10,low_yaw,5,always_probe,10,9,9,9,9.30288888888889,13.389550387400202,10,10,0.6915028921812371,1.0,0.6915028921812371,1.0,0.35038740020354453,0,45,0.0637080921803292,0.009742599550642253
break_even,noise10,low_yaw,5,batch_aware,10,9,9,0,8.706444444444445,12.853896801400117,10,10,0.6915028921812371,1.0,0.6915028921812371,1.0,1.496801400116965,0,45,0.1278695035083463,0.013561184370495681
break_even,noise10,low_yaw,5,ignore_passive,10,9,9,0,8.706444444444445,12.85280237559997,10,10,0.6915028921812371,1.0,0.6915028921812371,1.0,0.4023755999696732,0,45,0.1278695035083463,0.013561184370495681
break_even,noise10,low_yaw,5,passive,10,9,9,0,8.706444444444445,12.853339863399935,10,10,0.6915028921812371,1.0,0.6915028921812371,1.0,0.9398633999353478,0,45,0.1278695035083463,0.013561184370495681
break_even,noise10,low_yaw,5,uncertainty_trigger,10,9,9,9,9.30288888888889,13.389519515500222,10,10,0.6915028921812371,1.0,0.6915028921812371,1.0,0.31951550022313313,0,45,0.0637080921803292,0.009742599550642253
break_even,noise10,low_yaw,10,always_probe,10,9,9,9,17.656222222222226,25.90780745300025,10,10,0.6915028921812371,1.0,0.6915028921812371,1.0,0.607453000247915,0,90,0.0637080921803292,0.008817192494943414
break_even,noise10,low_yaw,10,batch_aware,10,9,9,0,17.307111111111112,25.59424392730013,10,10,0.6915028921812371,1.0,0.6915028921812371,1.0,1.243927300129144,0,90,0.1278695035083463,0.013767640211990829
break_even,noise10,low_yaw,10,ignore_passive,10,9,9,3,17.422222222222224,25.697267143100056,10,10,0.6915028921812371,1.0,0.6915028921812371,1.0,0.6671431000540906,0,90,0.1199992398919244,0.011753645204346522
break_even,noise10,low_yaw,10,passive,10,9,9,0,17.307111111111112,25.593633781699616,10,10,0.6915028921812371,1.0,0.6915028921812371,1.0,0.6337816996165202,0,90,0.1278695035083463,0.013767640211990829
break_even,noise10,low_yaw,10,uncertainty_trigger,10,9,9,9,17.656222222222226,25.907804039299513,10,10,0.6915028921812371,1.0,0.6915028921812371,1.0,0.6040392995146249,0,90,0.0637080921803292,0.008817192494943414
break_even,noise10,low_yaw,15,always_probe,10,9,9,9,26.00955555555556,38.42606853849966,10,10,0.6915028921812371,1.0,0.6915028921812371,1.0,0.8685384996624634,0,135,0.0637080921803292,0.008774445240638152
break_even,noise10,low_yaw,15,batch_aware,10,9,9,0,25.86066666666667,38.29298785770005,10,10,0.6915028921812371,1.0,0.6915028921812371,1.0,1.7878577000374207,0,135,0.1278695035083463,0.0131237582141951
break_even,noise10,low_yaw,15,ignore_passive,10,9,9,9,26.00955555555556,38.42613271470055,10,10,0.6915028921812371,1.0,0.6915028921812371,1.0,0.9327147005478764,0,135,0.0637080921803292,0.008774445240638152
break_even,noise10,low_yaw,15,passive,10,9,9,0,25.86066666666667,38.29207198689995,10,10,0.6915028921812371,1.0,0.6915028921812371,1.0,0.8719868999378377,0,135,0.1278695035083463,0.0131237582141951
break_even,noise10,low_yaw,15,uncertainty_trigger,10,9,9,9,26.00955555555556,38.42608950649997,10,10,0.6915028921812371,1.0,0.6915028921812371,1.0,0.8895064999705937,0,135,0.0637080921803292,0.008774445240638152
break_even,noise10,low_yaw,25,always_probe,10,9,9,9,42.71622222222223,63.46273092900033,10,10,0.6915028921812371,1.0,0.6915028921812371,1.0,1.5309290003187925,0,225,0.0637080921803292,0.009021857466086192
break_even,noise10,low_yaw,25,batch_aware,10,9,9,9,42.71622222222223,63.46419787470004,10,10,0.6915028921812371,1.0,0.6915028921812371,1.0,2.997874700031389,0,225,0.0637080921803292,0.009021857466086192
break_even,noise10,low_yaw,25,ignore_passive,10,9,9,9,42.71622222222223,63.4627933526006,10,10,0.6915028921812371,1.0,0.6915028921812371,1.0,1.5933526005937892,0,225,0.0637080921803292,0.009021857466086192
break_even,noise10,low_yaw,25,passive,10,9,9,0,42.8948888888889,63.62350430879981,10,9,0.6915028921812371,1.0,0.5549838829718047,0.9974714214555375,1.5043087998037663,0,225,0.1278695035083463,0.012251736107110923
break_even,noise10,low_yaw,25,uncertainty_trigger,10,9,9,9,42.71622222222223,63.46266097569937,10,10,0.6915028921812371,1.0,0.6915028921812371,1.0,1.460975699365008,0,225,0.0637080921803292,0.009021857466086192
break_even,noise10,low_yaw,30,always_probe,10,9,9,9,51.06955555555557,75.98096629049998,10,10,0.6915028921812371,1.0,0.6915028921812371,1.0,1.766290499972456,0,270,0.0637080921803292,0.009172490234049266
break_even,noise10,low_yaw,30,batch_aware,10,9,9,9,51.06955555555557,75.9827078342999,10,10,0.6915028921812371,1.0,0.6915028921812371,1.0,3.5078342998986045,0,270,0.0637080921803292,0.009172490234049266
break_even,noise10,low_yaw,30,ignore_passive,10,9,9,9,51.06955555555557,75.98098217269964,10,10,0.6915028921812371,1.0,0.6915028921812371,1.0,1.782172699631701,0,270,0.0637080921803292,0.009172490234049266
break_even,noise10,low_yaw,30,passive,10,9,9,0,51.38888888888891,76.26836005550007,10,9,0.6915028921812371,1.0,0.5549838829718047,0.9974714214555375,1.7600555000626628,0,270,0.1278695035083463,0.012048867136560207
break_even,noise10,low_yaw,30,uncertainty_trigger,10,9,9,9,51.06955555555557,75.98095132659952,10,10,0.6915028921812371,1.0,0.6915028921812371,1.0,1.7513265995148686,0,270,0.0637080921803292,0.009172490234049266
