group,setting,family,N,method,common_success_n,decision_reached_n,conditional_robot_difference_mean_ci95_s_mean,conditional_robot_difference_mean_ci95_s_ci95_low,conditional_robot_difference_mean_ci95_s_ci95_high,reached_robot_difference_mean_ci95_s_mean,reached_robot_difference_mean_ci95_s_ci95_low,reached_robot_difference_mean_ci95_s_ci95_high,method_only_failures,passive_only_failures,unconditional_J_difference_mean_ci95_s_mean,unconditional_J_difference_mean_ci95_s_ci95_low,unconditional_J_difference_mean_ci95_s_ci95_high
extended,base,excited,1,always_probe,27,27,0.7959999999999999,0.7959999999999999,0.7959999999999999,0.7959999999999999,0.7959999999999999,0.7959999999999999,0,0,0.7163986454667426,0.6102682225200636,0.7959980637426056
extended,base,excited,1,batch_aware,27,27,0.0,0.0,0.0,0.0,0.0,0.0,0,0,6.933923336873704e-05,5.956514757447925e-05,7.7556230924453e-05
extended,base,excited,1,ignore_passive,27,27,0.0,0.0,0.0,0.0,0.0,0.0,0,0,6.212823338955787e-05,5.2831600919300095e-05,7.032484759501281e-05
extended,base,excited,1,oracle,27,27,-0.12207407407407413,-0.1312592592592593,-0.11325925925925934,-0.12207407407407413,-0.1312592592592593,-0.11325925925925934,0,3,-0.9611278958333194,-2.0715885904474614,-0.12320182514577778
extended,base,excited,1,uncertainty_trigger,27,27,0.7959999999999999,0.7959999999999999,0.7959999999999999,0.7959999999999999,0.7959999999999999,0.7959999999999999,0,0,0.7164046876667055,0.6102758632825354,0.7960039570783514
extended,base,excited,5,always_probe,27,27,0.7959999999999996,0.7959999999999995,0.796,0.7959999999999996,0.7959999999999995,0.796,0,0,0.7164141570000093,0.6102976067474284,0.7960119785858938
extended,base,excited,5,batch_aware,27,27,0.0,0.0,0.0,0.0,0.0,0.0,0,0,0.00032401880005939653,0.00027642144587503026,0.0003667352218222201
extended,base,excited,5,ignore_passive,27,27,0.0,0.0,0.0,0.0,0.0,0.0,0,0,7.099350006380215e-05,5.567262157455844e-05,8.675689508095274e-05
extended,base,excited,5,oracle,27,27,-0.12207407407407372,-0.13125925925925894,-0.11325925925925892,-0.12207407407407372,-0.13125925925925894,-0.11325925925925892,0,3,-4.304035895799943,-9.84860782641253,-0.12319940642258746
extended,base,excited,5,uncertainty_trigger,27,27,0.7959999999999996,0.7959999999999995,0.796,0.7959999999999996,0.7959999999999995,0.796,0,0,0.7164063193001624,0.6102838219609306,0.79600461945102
extended,base,excited,20,always_probe,27,27,0.7959999999999993,0.7959999999999986,0.7959999999999998,0.7959999999999993,0.7959999999999986,0.7959999999999998,0,0,0.7164522547667963,0.6104006224926731,0.7960406641552632
extended,base,excited,20,batch_aware,27,27,0.0,0.0,0.0,0.0,0.0,0.0,0,0,0.0012749070998324895,0.0010843332499566336,0.001440003211480416
extended,base,excited,20,ignore_passive,27,27,0.7959999999999993,0.7959999999999986,0.7959999999999998,0.7959999999999993,0.7959999999999986,0.7959999999999998,0,0,0.7164969812000593,0.6103876021215463,0.7960976116758594
extended,base,excited,20,oracle,27,27,-0.12207407407407524,-0.1312592592592606,-0.11325925925926031,-0.12207407407407524,-0.1312592592592606,-0.11325925925926031,0,3,-16.839870760766637,-39.00119687112422,-0.12316541079328548
extended,base,excited,20,uncertainty_trigger,27,27,0.7959999999999993,0.7959999999999986,0.7959999999999998,0.7959999999999993,0.7959999999999986,0.7959999999999998,0,0,0.7163698949333827,0.6102715967399573,0.7959600017340692
extended,base,excited,40,always_probe,27,27,0.7959999999999963,0.7959999999999942,0.7959999999999984,0.7959999999999963,0.7959999999999942,0.7959999999999984,0,0,0.7163554485004603,0.6102711307661708,0.7959463007262799
extended,base,excited,40,batch_aware,27,27,0.0,0.0,0.0,0.0,0.0,0.0,0,0,0.002468874000010146,0.0021151483958667923,0.002770060119184071
extended,base,excited,40,ignore_passive,27,27,0.7959999999999963,0.7959999999999942,0.7959999999999984,0.7959999999999963,0.7959999999999942,0.7959999999999984,0,0,0.7164602907000147,0.6103753556412244,0.7960595789705287
extended,base,excited,40,oracle,27,27,-0.12207407407407353,-0.1312592592592581,-0.11325925925925925,-0.12207407407407353,-0.1312592592592581,-0.11325925925925925,0,3,-33.554534847732974,-77.87042174015309,-0.12330904926907875
extended,base,excited,40,uncertainty_trigger,27,27,0.7959999999999963,0.7959999999999942,0.7959999999999984,0.7959999999999963,0.7959999999999942,0.7959999999999984,0,0,0.7164073201668825,0.6103256634440717,0.7959980094570654
extended,base,excited,60,always_probe,27,27,0.795999999999997,0.7959999999999944,0.7959999999999996,0.795999999999997,0.7959999999999944,0.7959999999999996,0,0,0.71630682149999,0.610259052458806,0.7958853956517831
extended,base,excited,60,batch_aware,27,27,0.0,0.0,0.0,0.0,0.0,0.0,0,0,0.003746714866633738,0.003159386523724,0.0043149919426432835
extended,base,excited,60,ignore_passive,27,27,0.795999999999997,0.7959999999999944,0.7959999999999996,0.795999999999997,0.7959999999999944,0.7959999999999996,0,0,0.7163644197334846,0.6103075760386178,0.7959522829380151
extended,base,excited,60,oracle,27,27,-0.12207407407407642,-0.13125925925926124,-0.11325925925926267,-0.12207407407407642,-0.13125925925926124,-0.11325925925926267,0,3,-50.26905346699992,-116.73927742340214,-0.12326328085092779
extended,base,excited,60,uncertainty_trigger,27,27,0.795999999999997,0.7959999999999944,0.7959999999999996,0.795999999999997,0.7959999999999944,0.7959999999999996,0,0,0.7163401560333327,0.6103051244677146,0.7959197633910562
extended,base,excited,100,always_probe,27,27,0.7959999999999965,0.7959999999999933,0.7960000000000007,0.7959999999999965,0.7959999999999933,0.7960000000000007,0,0,0.7163263714333027,0.610330604061812,0.7958924939746232
extended,base,excited,100,batch_aware,27,27,0.0,0.0,0.0,0.0,0.0,0.0,0,0,0.006248090600274736,0.005353393936179979,0.007033741555549491
extended,base,excited,100,ignore_passive,27,27,0.7959999999999965,0.7959999999999933,0.7960000000000007,0.7959999999999965,0.7959999999999933,0.7960000000000007,0,0,0.7163942059002447,0.6103694528104125,0.7959820204066004
extended,base,excited,100,oracle,27,27,-0.12207407407406537,-0.13125925925924914,-0.11325925925925162,-0.12207407407406537,-0.13125925925924914,-0.11325925925925162,0,3,-83.69805712976695,-194.47734215225736,-0.12317533256069231
extended,base,excited,100,uncertainty_trigger,27,27,0.7959999999999965,0.7959999999999933,0.7960000000000007,0.7959999999999965,0.7959999999999933,0.7960000000000007,0,0,0.7163297787672472,0.6103333148916662,0.7958988622365392
extended,base,low_yaw,1,always_probe,27,27,0.7959999999999999,0.7959999999999999,0.7959999999999999,0.7959999999999999,0.7959999999999999,0.7959999999999999,0,0,0.7164056660000608,0.6102835388583732,0.7960028358584536
extended,base,low_yaw,1,batch_aware,27,27,0.0,0.0,0.0,0.0,0.0,0.0,0,0,7.414293333264746e-05,6.0917401708593384e-05,8.755241998414931e-05
extended,base,low_yaw,1,ignore_passive,27,27,0.0,0.0,0.0,0.0,0.0,0.0,0,0,7.000136661190481e-05,5.672130987250057e-05,8.391133251204034e-05
extended,base,low_yaw,1,oracle,27,27,-0.12207407407407413,-0.1312592592592593,-0.11325925925925934,-0.12207407407407413,-0.1312592592592593,-0.11325925925925934,0,3,-0.961117645266713,-2.071586564849271,-0.12318762778930964
extended,base,low_yaw,1,uncertainty_trigger,27,27,0.7959999999999999,0.7959999999999999,0.7959999999999999,0.7959999999999999,0.7959999999999999,0.7959999999999999,0,0,0.7163991626667148,0.6102685271058118,0.795998619727477
extended,base,low_yaw,5,always_probe,27,27,0.6737037037037036,0.6645185185185183,0.682074074074074,0.6737037037037036,0.6645185185185183,0.682074074074074,0,0,0.6063333962999858,0.5217827170617687,0.6727258891732093
extended,base,low_yaw,5,batch_aware,27,27,0.0,0.0,0.0,0.0,0.0,0.0,0,0,0.0003570502667874583,0.00028315786439482815,0.0004448284601930178
extended,base,low_yaw,5,ignore_passive,27,27,0.0,0.0,0.0,0.0,0.0,0.0,0,0,9.689933346332205e-05,4.071669922079006e-05,0.00018489447444115589
extended,base,low_yaw,5,oracle,27,27,-0.2443703703703698,-0.25496296296296245,-0.23407407407407343,-0.2443703703703698,-0.25496296296296245,-0.23407407407407343,0,3,-4.414115577133332,-9.94095246802003,-0.24613696723424874
extended,base,low_yaw,5,uncertainty_trigger,27,27,0.6737037037037036,0.6645185185185183,0.682074074074074,0.6737037037037036,0.6645185185185183,0.682074074074074,0,0,0.6063295458667938,0.5217760529020096,0.6727484882485629
extended,base,low_yaw,20,always_probe,27,27,0.4194814814814797,0.37199814814814824,0.4671870370370366,0.4194814814814797,0.37199814814814824,0.4671870370370366,0,0,0.3775295313662179,0.3141993234145446,0.43633419131333273
extended,base,low_yaw,20,batch_aware,27,27,0.0,0.0,0.0,0.0,0.0,0.0,0,0,0.0012834639329260729,0.0010848917437313807,0.001485014686066582
extended,base,low_yaw,20,ignore_passive,27,27,0.4194814814814797,0.37199814814814824,0.4671870370370366,0.4194814814814797,0.37199814814814824,0.4671870370370366,0,0,0.37762827073321575,0.3142579021287436,0.436442506966594
extended,base,low_yaw,20,oracle,27,27,-0.4985925925925948,-0.544518518518519,-0.45244259259259223,-0.4985925925925948,-0.544518518518519,-0.45244259259259223,0,3,-17.17876234060008,-39.29462451014868,-0.5038298760220558
extended,base,low_yaw,20,uncertainty_trigger,27,27,0.4194814814814797,0.37199814814814824,0.4671870370370366,0.4194814814814797,0.37199814814814824,0.4671870370370366,0,0,0.3775424496332083,0.31419764123426003,0.4363327831484393
extended,base,low_yaw,40,always_probe,27,27,0.3377037037037009,0.22754629629629136,0.4360740740740705,0.3377037037037009,0.22754629629629136,0.4360740740740705,0,0,0.3038904444330451,0.19858971561456668,0.397755086224373
extended,base,low_yaw,40,batch_aware,27,27,0.0,0.0,0.0,0.0,0.0,0.0,0,0,0.002441770133752167,0.0020438302779245987,0.0027931789722530687
extended,base,low_yaw,40,ignore_passive,27,27,0.3377037037037009,0.22754629629629136,0.4360740740740705,0.3377037037037009,0.22754629629629136,0.4360740740740705,0,0,0.30389443590020115,0.19848872916034138,0.39779610889789707
extended,base,low_yaw,40,oracle,27,27,-0.5803703703703689,-0.6888907407407411,-0.4839259259259239,-0.5803703703703689,-0.6888907407407411,-0.4839259259259239,0,3,-33.96698580743344,-78.21563292564758,-0.5919002779790431
extended,base,low_yaw,40,uncertainty_trigger,27,27,0.3377037037037009,0.22754629629629136,0.4360740740740705,0.3377037037037009,0.22754629629629136,0.4360740740740705,0,0,0.3038364757672142,0.19840594530624564,0.39774216918800953
extended,base,low_yaw,60,always_probe,27,27,0.3113333333333309,0.17488703703703157,0.42874814814814566,0.3113333333333309,0.17488703703703157,0.42874814814814566,0,0,0.27983423149927705,0.15319247758850374,0.38963942670465046
extended,base,low_yaw,60,batch_aware,27,27,0.0,0.0,0.0,0.0,0.0,0.0,0,0,0.0036134606665200407,0.002892284690776705,0.004275794895660283
extended,base,low_yaw,60,ignore_passive,27,27,0.3113333333333309,0.17488703703703157,0.42874814814814566,0.3113333333333309,0.17488703703703157,0.42874814814814566,0,0,0.2799303626330276,0.1532780483685023,0.3896272264745191
extended,base,low_yaw,60,oracle,27,27,-0.6067407407407425,-0.7405259259259317,-0.49036851851851837,-0.6067407407407425,-0.7405259259259317,-0.49036851851851837,0,3,-50.70558429450075,-117.11586148649218,-0.6232358180596104
extended,base,low_yaw,60,uncertainty_trigger,27,27,0.3113333333333309,0.17488703703703157,0.42874814814814566,0.3113333333333309,0.17488703703703157,0.42874814814814566,0,0,0.27990480909957066,0.15318408971207836,0.38966009618831066
extended,base,low_yaw,100,always_probe,27,27,0.3113333333333262,0.17488703703702363,0.4287481481481394,0.3113333333333262,0.17488703703702363,0.4287481481481394,0,0,0.2802473059676184,0.15344294136367911,0.39010698794095466
extended,base,low_yaw,100,batch_aware,27,27,0.0,0.0,0.0,0.0,0.0,0.0,0,0,0.006197403000351187,0.005297799766660016,0.006982265348757437
extended,base,low_yaw,100,ignore_passive,27,27,0.3113333333333262,0.17488703703702363,0.4287481481481394,0.3113333333333262,0.17488703703702363,0.4287481481481394,0,0,0.28019024893405436,0.153357899006695,0.39005649528142594
extended,base,low_yaw,100,oracle,27,27,-0.6067407407407357,-0.7405259259259258,-0.4903685185185095,-0.6067407407407357,-0.7405259259259258,-0.4903685185185095,0,3,-84.13428013390022,-194.8859169979136,-0.6227197622327093
extended,base,low_yaw,100,uncertainty_trigger,27,27,0.3113333333333262,0.17488703703702363,0.4287481481481394,0.3113333333333262,0.17488703703702363,0.4287481481481394,0,0,0.2802934821995933,0.1534637640984612,0.3902380832382161
sensitivity,noise10,excited,20,always_probe,9,9,0.7544444444444444,0.7377777777777754,0.7715555555555559,0.7544444444444444,0.7377777777777754,0.7715555555555559,0,0,0.6789810322999109,0.5217803129989662,0.7661705989647488
sensitivity,noise10,excited,20,batch_aware,9,9,0.0,0.0,0.0,0.0,0.0,0.0,0,0,0.0012409064000166836,0.0009082762128821287,0.001496934154864675
sensitivity,noise10,excited,20,ignore_passive,9,9,0.7544444444444444,0.7377777777777754,0.7715555555555559,0.7544444444444444,0.7377777777777754,0.7715555555555559,0,0,0.6790646943994979,0.5218583282987439,0.7662780370821176
sensitivity,noise10,excited,20,uncertainty_trigger,9,9,0.7544444444444444,0.7377777777777754,0.7715555555555559,0.7544444444444444,0.7377777777777754,0.7715555555555559,0,0,0.6791211408999096,0.5217961130991753,0.7663014887004749
sensitivity,noise10,excited,60,always_probe,9,9,0.7317777777777776,0.7200000000000052,0.7431111111111098,0.7317777777777776,0.7200000000000052,0.7431111111111098,0,0,0.6586766722001116,0.5091222151477643,0.738780470860213
sensitivity,noise10,excited,60,batch_aware,9,9,0.0,0.0,0.0,0.0,0.0,0.0,0,0,0.003608451500122101,0.002612426062069062,0.004444719286512964
sensitivity,noise10,excited,60,ignore_passive,9,9,0.7317777777777776,0.7200000000000052,0.7431111111111098,0.7317777777777776,0.7200000000000052,0.7431111111111098,0,0,0.6586442486006249,0.5089919150371175,0.7387393340520313
sensitivity,noise10,excited,60,uncertainty_trigger,9,9,0.7317777777777776,0.7200000000000052,0.7431111111111098,0.7317777777777776,0.7200000000000052,0.7431111111111098,0,0,0.6587303795999319,0.5090475381271529,0.7390574656008044
sensitivity,noise10,low_yaw,20,always_probe,9,9,-0.02644444444444676,-0.09866666666666112,0.044888888888883,-0.02644444444444676,-0.09866666666666112,0.044888888888883,0,0,-0.02380707759977767,-0.08884031758336197,0.04040835659253487
sensitivity,noise10,low_yaw,20,batch_aware,9,9,-0.02644444444444676,-0.09866666666666112,0.044888888888883,-0.02644444444444676,-0.09866666666666112,0.044888888888883,0,0,-0.022625055100544245,-0.08773276439079801,0.04174226156659585
sensitivity,noise10,low_yaw,20,ignore_passive,9,9,-0.02644444444444676,-0.09866666666666112,0.044888888888883,-0.02644444444444676,-0.09866666666666112,0.044888888888883,0,0,-0.023757725001242846,-0.08880119279424008,0.040459705043732475
sensitivity,noise10,low_yaw,20,uncertainty_trigger,9,9,-0.02644444444444676,-0.09866666666666112,0.044888888888883,-0.02644444444444676,-0.09866666666666112,0.044888888888883,0,0,-0.023821596000581025,-0.08884983058789966,0.04038801683032518
sensitivity,noise10,low_yaw,60,always_probe,9,9,-1.0515555555556029,-1.1937777777778331,-0.9226555555555941,-1.0515555555556029,-1.1937777777778331,-0.9226555555555941,0,0,-0.9464872424997821,-1.151794189739691,-0.6909453285128895
sensitivity,noise10,low_yaw,60,batch_aware,9,9,-1.0515555555556029,-1.1937777777778331,-0.9226555555555941,-1.0515555555556029,-1.1937777777778331,-0.9226555555555941,0,0,-0.9428873422009048,-1.1475873950927866,-0.6882411151057103
sensitivity,noise10,low_yaw,60,ignore_passive,9,9,-1.0515555555556029,-1.1937777777778331,-0.9226555555555941,-1.0515555555556029,-1.1937777777778331,-0.9226555555555941,0,0,-0.9463795406000856,-1.1516111598876801,-0.6908212261025201
sensitivity,noise10,low_yaw,60,uncertainty_trigger,9,9,-1.0515555555556029,-1.1937777777778331,-0.9226555555555941,-1.0515555555556029,-1.1937777777778331,-0.9226555555555941,0,0,-0.9463547993994809,-1.151577124243035,-0.6908192307126741
sensitivity,noise100,excited,20,always_probe,1,6,0.794000000000004,0.794000000000004,0.794000000000004,2.780000000000001,-0.1273333333333331,7.644333333333335,0,0,-5.331952755400412,-16.610835747700218,0.5023963428994727
sensitivity,noise100,excited,20,batch_aware,1,6,0.0,0.0,0.0,0.0,0.0,0.0,0,0,0.0008064449996709299,0.0003902454999206384,0.0012142786541767235
sensitivity,noise100,excited,20,ignore_passive,1,6,0.794000000000004,0.794000000000004,0.794000000000004,0.2790000000000008,0.0,0.5723333333333344,0,0,0.16743326769979133,1.9718899920917465e-05,0.41423603890255395
sensitivity,noise100,excited,20,uncertainty_trigger,1,6,0.794000000000004,0.794000000000004,0.794000000000004,2.780000000000001,-0.1273333333333331,7.644333333333335,0,0,-5.331960635800337,-16.610854133700684,0.5023883841997382
sensitivity,noise100,excited,60,always_probe,0,6,,,,2.78,-0.1273333333333331,7.644333333333333,0,0,-5.331925878700065,-16.610812967700156,0.5024561073999394
sensitivity,noise100,excited,60,batch_aware,0,6,,,,0.0,0.0,0.0,0,0,0.0024425242000233995,0.001167794734639074,0.0036789331894919995
sensitivity,noise100,excited,60,ignore_passive,0,6,,,,2.78,-0.1273333333333331,7.644333333333333,0,0,-5.331904330600207,-16.610794792500098,0.502458841899579
sensitivity,noise100,excited,60,uncertainty_trigger,0,6,,,,2.78,-0.1273333333333331,7.644333333333333,0,0,-5.331957893399965,-16.610841616599725,0.5023907034998956
sensitivity,noise100,low_yaw,20,always_probe,1,6,0.32200000000000273,0.32200000000000273,0.32200000000000273,3.891333333333334,0.31290833333333523,8.519333333333334,0,0,-7.665094210400267,-18.943804212000437,0.3224585929997744
sensitivity,noise100,low_yaw,20,batch_aware,1,6,0.0,0.0,0.0,0.0,0.0,0.0,0,0,0.0010053252998659446,0.0004280543997992936,0.0015912416999526613
sensitivity,noise100,low_yaw,20,ignore_passive,1,6,0.32200000000000273,0.32200000000000273,0.32200000000000273,0.20000000000000048,0.0,0.4926666666666672,0,0,0.12005971690011563,4.840260007767938e-05,0.2956837704002197
sensitivity,noise100,low_yaw,20,uncertainty_trigger,1,6,0.32200000000000273,0.32200000000000273,0.32200000000000273,3.891333333333334,0.31290833333333523,8.519333333333334,0,0,-7.665100431700185,-18.943784803200145,0.32239544039997836
sensitivity,noise100,low_yaw,60,always_probe,0,6,,,,3.891333333333334,0.31290833333333523,8.519333333333334,0,0,-7.665321761200164,-18.944014570200203,0.32240165410012195
sensitivity,noise100,low_yaw,60,batch_aware,0,6,,,,0.0,0.0,0.0,0,0,0.002572140399979617,0.0011694911998802126,0.003921426532384658
sensitivity,noise100,low_yaw,60,ignore_passive,0,6,,,,3.891333333333334,0.31290833333333523,8.519333333333334,0,0,-7.665309563399967,-18.943998641400082,0.3224250251002104
sensitivity,noise100,low_yaw,60,uncertainty_trigger,0,6,,,,3.891333333333334,0.31290833333333523,8.519333333333334,0,0,-7.665354064799965,-18.94404369529992,0.3223917208000785
sensitivity,margin_half,excited,20,always_probe,9,9,0.8460000000000005,0.8459999999999985,0.8460000000000024,0.8460000000000005,0.8459999999999985,0.8460000000000024,0,0,0.761412945799745,0.5921865891271832,0.8460625359074125
sensitivity,margin_half,excited,20,batch_aware,9,9,0.0,0.0,0.0,0.0,0.0,0.0,0,0,0.0012788033996912417,0.0009438199075214016,0.001528807759856363
sensitivity,margin_half,excited,20,ignore_passive,9,9,0.8460000000000005,0.8459999999999985,0.8460000000000024,0.8460000000000005,0.8459999999999985,0.8460000000000024,0,0,0.7614265561000565,0.5921942786452842,0.8460771669279159
sensitivity,margin_half,excited,20,uncertainty_trigger,9,9,0.8460000000000005,0.8459999999999985,0.8460000000000024,0.8460000000000005,0.8459999999999985,0.8460000000000024,0,0,0.7614033463001277,0.5921741272346782,0.8460544522857171
sensitivity,margin_half,excited,60,always_probe,9,9,0.8460000000000005,0.8459999999999958,0.8460000000000036,0.8460000000000005,0.8459999999999958,0.8460000000000036,0,0,0.7614633161997488,0.5921947849191401,0.8461829591001774
sensitivity,margin_half,excited,60,batch_aware,9,9,0.0,0.0,0.0,0.0,0.0,0.0,0,0,0.003598947500313443,0.0026651965859275607,0.004282764590282113
sensitivity,margin_half,excited,60,ignore_passive,9,9,0.8460000000000005,0.8459999999999958,0.8460000000000036,0.8460000000000005,0.8459999999999958,0.8460000000000036,0,0,0.7616306059009702,0.5922395835042812,0.8465480705866912
sensitivity,margin_half,excited,60,uncertainty_trigger,9,9,0.8460000000000005,0.8459999999999958,0.8460000000000036,0.8460000000000005,0.8459999999999958,0.8460000000000036,0,0,0.7613584546002101,0.5920900591616874,0.846084666301537
sensitivity,margin_half,low_yaw,20,always_probe,9,9,0.8317777777777786,0.8200000000000007,0.843111111111112,0.8317777777777786,0.8200000000000007,0.843111111111112,0,0,0.7485453923996961,0.5771762930445199,0.8385489809351157
sensitivity,margin_half,low_yaw,20,batch_aware,9,9,0.0,0.0,0.0,0.0,0.0,0.0,0,0,0.001365904699468956,0.0008704640866790214,0.002045003807389776
sensitivity,margin_half,low_yaw,20,ignore_passive,9,9,0.8317777777777786,0.8200000000000007,0.843111111111112,0.8317777777777786,0.8200000000000007,0.843111111111112,0,0,0.748767856200006,0.5776265339445507,0.8389416279394588
sensitivity,margin_half,low_yaw,20,uncertainty_trigger,9,9,0.8317777777777786,0.8200000000000007,0.843111111111112,0.8317777777777786,0.8200000000000007,0.843111111111112,0,0,0.7487694717994732,0.5772365626412045,0.8389510047828428
sensitivity,margin_half,low_yaw,60,always_probe,9,9,0.8317777777777766,0.819999999999998,0.8431111111111105,0.8317777777777766,0.819999999999998,0.8431111111111105,0,0,0.7485434480991102,0.5770267012241344,0.8384340883390732
sensitivity,margin_half,low_yaw,60,batch_aware,9,9,0.0,0.0,0.0,0.0,0.0,0.0,0,0,0.0036031622000336936,0.002699387787578189,0.004228744657417564
sensitivity,margin_half,low_yaw,60,ignore_passive,9,9,0.8317777777777766,0.819999999999998,0.8431111111111105,0.8317777777777766,0.819999999999998,0.8431111111111105,0,0,0.7490782377007349,0.5780838792421049,0.839257172155156
sensitivity,margin_half,low_yaw,60,uncertainty_trigger,9,9,0.8317777777777766,0.819999999999998,0.8431111111111105,0.8317777777777766,0.819999999999998,0.8431111111111105,0,0,0.7485032019003143,0.5769934717796208,0.8384204402782447
sensitivity,margin2,excited,20,always_probe,9,9,0.6568888888888904,0.6453333333333333,0.6673333333333349,0.6568888888888904,0.6453333333333333,0.6673333333333349,0,0,0.5911936874005939,0.4554039252580459,0.6637814414994964
sensitivity,margin2,excited,20,batch_aware,9,9,0.0,0.0,0.0,0.0,0.0,0.0,0,0,0.0012561092004489184,0.0009262868204029928,0.0014981327059069825
sensitivity,margin2,excited,20,ignore_passive,9,9,0.6568888888888904,0.6453333333333333,0.6673333333333349,0.6568888888888904,0.6453333333333333,0.6673333333333349,0,0,0.5913812221001287,0.45556280468508376,0.6640251530252864
sensitivity,margin2,excited,20,uncertainty_trigger,9,9,0.6568888888888904,0.6453333333333333,0.6673333333333349,0.6568888888888904,0.6453333333333333,0.6673333333333349,0,0,0.5912164601001884,0.4554200948808956,0.663818451747751
sensitivity,margin2,excited,60,always_probe,9,9,0.656888888888888,0.645333333333331,0.6673333333333318,0.656888888888888,0.645333333333331,0.6673333333333318,0,0,0.5912548173004055,0.4554511173516832,0.663876595575277
sensitivity,margin2,excited,60,batch_aware,9,9,0.0,0.0,0.0,0.0,0.0,0.0,0,0,0.003635313799668438,0.0027025187013816777,0.004294314811186269
sensitivity,margin2,excited,60,ignore_passive,9,9,0.656888888888888,0.645333333333331,0.6673333333333318,0.656888888888888,0.645333333333331,0.6673333333333318,0,0,0.5913077973000057,0.4555025322846288,0.6639590087889921
sensitivity,margin2,excited,60,uncertainty_trigger,9,9,0.656888888888888,0.645333333333331,0.6673333333333318,0.656888888888888,0.645333333333331,0.6673333333333318,0,0,0.5913289956009251,0.45541403794380897,0.6640266471116103
sensitivity,margin2,low_yaw,20,always_probe,9,9,0.05177777777777948,-0.03977777777777981,0.14799999999999933,0.05177777777777948,-0.03977777777777981,0.14799999999999933,0,0,0.04657837559972293,-0.03481949191779357,0.13280362077219485
sensitivity,margin2,low_yaw,20,batch_aware,9,9,0.0,0.0,0.0,0.0,0.0,0.0,0,0,0.001165780399742289,0.0008659999525036711,0.0013739655665153804
sensitivity,margin2,low_yaw,20,ignore_passive,9,9,0.05177777777777948,-0.03977777777777981,0.14799999999999933,0.05177777777777948,-0.03977777777777981,0.14799999999999933,0,0,0.046665346399789344,-0.034732131286219874,0.13290926233070208
sensitivity,margin2,low_yaw,20,uncertainty_trigger,9,9,0.05177777777777948,-0.03977777777777981,0.14799999999999933,0.05177777777777948,-0.03977777777777981,0.14799999999999933,0,0,0.046609100199578535,-0.0348039613268147,0.1328772687215406
sensitivity,margin2,low_yaw,60,always_probe,9,9,-0.5362222222222326,-0.8484444444444614,-0.21732222222222933,-0.5362222222222326,-0.8484444444444614,-0.21732222222222933,0,0,-0.482663126100131,-0.782558546399153,-0.18808815262484183
sensitivity,margin2,low_yaw,60,batch_aware,9,9,0.0,0.0,0.0,0.0,0.0,0.0,0,0,0.0035822113004996938,0.002655000208022784,0.004259563871596583
sensitivity,margin2,low_yaw,60,ignore_passive,9,9,-0.5362222222222326,-0.8484444444444614,-0.21732222222222933,-0.5362222222222326,-0.8484444444444614,-0.21732222222222933,0,0,-0.4825567675999608,-0.7825091086998356,-0.18792842434451876
sensitivity,margin2,low_yaw,60,uncertainty_trigger,9,9,-0.5362222222222326,-0.8484444444444614,-0.21732222222222933,-0.5362222222222326,-0.8484444444444614,-0.21732222222222933,0,0,-0.4826870751986988,-0.7825874313000923,-0.1880676261595891
sensitivity,margin4,excited,20,always_probe,9,9,0.4493333333333322,0.4408888888888869,0.4582222222222217,0.4493333333333322,0.4408888888888869,0.4582222222222217,0,0,0.40439483090014006,0.31079707379532234,0.45600259615005156
sensitivity,margin4,excited,20,batch_aware,9,9,0.0,0.0,0.0,0.0,0.0,0.0,0,0,0.001156423199654455,0.0008567547419477251,0.0013646603344557207
sensitivity,margin4,excited,20,ignore_passive,9,9,0.4493333333333322,0.4408888888888869,0.4582222222222217,0.4493333333333322,0.4408888888888869,0.4582222222222217,0,0,0.40449155539937537,0.31085383856965265,0.45614703460164097
sensitivity,margin4,excited,20,uncertainty_trigger,9,9,0.4493333333333322,0.4408888888888869,0.4582222222222217,0.4493333333333322,0.4408888888888869,0.4582222222222217,0,0,0.4044280680002551,0.31080543253278664,0.45607200997441566
sensitivity,margin4,excited,60,always_probe,9,9,0.3957777777777791,0.3793333333333319,0.4131111111111084,0.3957777777777791,0.3793333333333319,0.4131111111111084,0,0,0.3562280876002319,0.2696493153783612,0.4080264000628785
sensitivity,margin4,excited,60,batch_aware,9,9,0.0,0.0,0.0,0.0,0.0,0.0,0,0,0.003413196399787921,0.00253901639215087,0.004032654868175314
sensitivity,margin4,excited,60,ignore_passive,9,9,0.3957777777777791,0.3793333333333319,0.4131111111111084,0.3957777777777791,0.3793333333333319,0.4131111111111084,0,0,0.35625490430107903,0.26969200788527986,0.40805945290245627
sensitivity,margin4,excited,60,uncertainty_trigger,9,9,0.3957777777777791,0.3793333333333319,0.4131111111111084,0.3957777777777791,0.3793333333333319,0.4131111111111084,0,0,0.3562246460002484,0.2696425789638406,0.40805478790003635
sensitivity,margin4,low_yaw,20,always_probe,9,9,-1.12688888888889,-1.3442222222222253,-0.9593333333333326,-1.12688888888889,-1.3442222222222253,-0.9593333333333326,0,0,-1.0144813388008245,-1.2813249088182868,-0.7207437373558747
sensitivity,margin4,low_yaw,20,batch_aware,9,9,-1.12688888888889,-1.3442222222222253,-0.9593333333333326,-1.12688888888889,-1.3442222222222253,-0.9593333333333326,0,0,-1.013261013500933,-1.2800512194110971,-0.7197172889305233
sensitivity,margin4,low_yaw,20,ignore_passive,9,9,-1.12688888888889,-1.3442222222222253,-0.9593333333333326,-1.12688888888889,-1.3442222222222253,-0.9593333333333326,0,0,-1.0143707101008843,-1.2811883543580875,-0.7206495194111511
sensitivity,margin4,low_yaw,20,uncertainty_trigger,9,9,-1.12688888888889,-1.3442222222222253,-0.9593333333333326,-1.12688888888889,-1.3442222222222253,-0.9593333333333326,0,0,-1.0144191672006584,-1.2812986828958406,-0.7206821657706046
sensitivity,margin4,low_yaw,60,always_probe,9,9,-2.5868888888889137,-3.0151111111111644,-2.323999999999995,-2.5868888888889137,-3.0151111111111644,-2.323999999999995,0,0,-2.328143414898348,-2.909084932296657,-1.663347415967919
sensitivity,margin4,low_yaw,60,batch_aware,9,9,-2.5868888888889137,-3.0151111111111644,-2.323999999999995,-2.5868888888889137,-3.0151111111111644,-2.323999999999995,0,0,-2.32457382860044,-2.9051944923426274,-1.6605507306824396
sensitivity,margin4,low_yaw,60,ignore_passive,9,9,-2.5868888888889137,-3.0151111111111644,-2.323999999999995,-2.5868888888889137,-3.0151111111111644,-2.323999999999995,0,0,-2.327776018000357,-2.9090109875703294,-1.6627360157592128
sensitivity,margin4,low_yaw,60,uncertainty_trigger,9,9,-2.5868888888889137,-3.0151111111111644,-2.323999999999995,-2.5868888888889137,-3.0151111111111644,-2.323999999999995,0,0,-2.3281730146000044,-2.9091200622900346,-1.6633460932976674
sensitivity,inflation4,excited,20,always_probe,9,9,0.7959999999999998,0.7959999999999994,0.7960000000000006,0.7959999999999998,0.7959999999999994,0.7960000000000006,0,0,0.7163883626997414,0.557152065402853,0.7960597234979516
sensitivity,inflation4,excited,20,batch_aware,9,9,0.0,0.0,0.0,0.0,0.0,0.0,0,0,0.0011700216001372609,0.000865315458021314,0.0013815325250266142
sensitivity,inflation4,excited,20,ignore_passive,9,9,0.7959999999999998,0.7959999999999994,0.7960000000000006,0.7959999999999998,0.7959999999999994,0.7960000000000006,0,0,0.7164417785003717,0.5571884310603203,0.7961246138528637
sensitivity,inflation4,excited,20,uncertainty_trigger,9,9,0.7959999999999998,0.7959999999999994,0.7960000000000006,0.7959999999999998,0.7959999999999994,0.7960000000000006,0,0,0.716340713100568,0.5571228355706705,0.795992455049508
sensitivity,inflation4,excited,60,always_probe,9,9,0.7959999999999954,0.7959999999999923,0.7960000000000002,0.7959999999999954,0.7959999999999923,0.7960000000000002,0,0,0.7163363225990196,0.5571083294052498,0.7960077573990361
sensitivity,inflation4,excited,60,batch_aware,9,9,0.0,0.0,0.0,0.0,0.0,0.0,0,0,0.003845260199477707,0.0027827105668473,0.0047782843656625565
sensitivity,inflation4,excited,60,ignore_passive,9,9,0.7959999999999954,0.7959999999999923,0.7960000000000002,0.7959999999999954,0.7959999999999923,0.7960000000000002,0,0,0.7163972447001669,0.5571468487486252,0.7961016956127998
sensitivity,inflation4,excited,60,uncertainty_trigger,9,9,0.7959999999999954,0.7959999999999923,0.7960000000000002,0.7959999999999954,0.7959999999999923,0.7960000000000002,0,0,0.7167432992001721,0.5571958380249833,0.7969539283507121
sensitivity,inflation4,low_yaw,20,always_probe,9,9,0.694222222222222,0.6426666666666674,0.7304444444444442,0.694222222222222,0.6426666666666674,0.7304444444444442,0,0,0.6249368906002424,0.4698194340601302,0.7226018835326935
sensitivity,inflation4,low_yaw,20,batch_aware,9,9,0.0,0.0,0.0,0.0,0.0,0.0,0,0,0.0012961334992724004,0.0009513986093463699,0.0015633292467953197
sensitivity,inflation4,low_yaw,20,ignore_passive,9,9,0.694222222222222,0.6426666666666674,0.7304444444444442,0.694222222222222,0.6426666666666674,0.7304444444444442,0,0,0.6249325722998897,0.46982315883714737,0.7225480957116356
sensitivity,inflation4,low_yaw,20,uncertainty_trigger,9,9,0.694222222222222,0.6426666666666674,0.7304444444444442,0.694222222222222,0.6426666666666674,0.7304444444444442,0,0,0.6248293485997642,0.4697782516223256,0.7224463443949408
sensitivity,inflation4,low_yaw,60,always_probe,9,9,0.6942222222222227,0.6426666666666657,0.7304444444444473,0.6942222222222227,0.6426666666666657,0.7304444444444473,0,0,0.62476565399988,0.46978867712232875,0.7223091089363273
sensitivity,inflation4,low_yaw,60,batch_aware,9,9,0.0,0.0,0.0,0.0,0.0,0.0,0,0,0.0036373947979427613,0.002694358500493763,0.004314080580927566
sensitivity,inflation4,low_yaw,60,ignore_passive,9,9,0.6942222222222227,0.6426666666666657,0.7304444444444473,0.6942222222222227,0.6426666666666657,0.7304444444444473,0,0,0.6248014284992636,0.4697913019843864,0.722366315586955
sensitivity,inflation4,low_yaw,60,uncertainty_trigger,9,9,0.6942222222222227,0.6426666666666657,0.7304444444444473,0.6942222222222227,0.6426666666666657,0.7304444444444473,0,0,0.624734926198603,0.46971693872423004,0.7223342662090966
sensitivity,inflation64,excited,20,always_probe,9,9,0.784666666666666,0.7762222222222204,0.7931111111111113,0.784666666666666,0.7762222222222204,0.7931111111111113,0,0,0.7061978130002086,0.5468136821827665,0.7908215398449698
sensitivity,inflation64,excited,20,batch_aware,9,9,0.0,0.0,0.0,0.0,0.0,0.0,0,0,0.0011292955999579134,0.0008503565145622361,0.0013092384344622586
sensitivity,inflation64,excited,20,ignore_passive,9,9,0.784666666666666,0.7762222222222204,0.7931111111111113,0.784666666666666,0.7762222222222204,0.7931111111111113,0,0,0.7062361622998747,0.5468267506499127,0.7908611639027086
sensitivity,inflation64,excited,20,uncertainty_trigger,9,9,0.784666666666666,0.7762222222222204,0.7931111111111113,0.784666666666666,0.7762222222222204,0.7931111111111113,0,0,0.706201773799658,0.5468194666343391,0.7907993064217095
sensitivity,inflation64,excited,60,always_probe,9,9,0.7846666666666633,0.7762222222222164,0.7931111111111101,0.7846666666666633,0.7762222222222164,0.7931111111111101,0,0,0.7062033490992305,0.5467759705858681,0.7907637531238249
sensitivity,inflation64,excited,60,batch_aware,9,9,0.0,0.0,0.0,0.0,0.0,0.0,0,0,0.0037751419000869647,0.0028250128263312036,0.004437505908427965
sensitivity,inflation64,excited,60,ignore_passive,9,9,0.7846666666666633,0.7762222222222164,0.7931111111111101,0.7846666666666633,0.7762222222222164,0.7931111111111101,0,0,0.7064204757001861,0.5470177067210378,0.791030680740038
sensitivity,inflation64,excited,60,uncertainty_trigger,9,9,0.7846666666666633,0.7762222222222164,0.7931111111111101,0.7846666666666633,0.7762222222222164,0.7931111111111101,0,0,0.7062304436990487,0.5468175687228591,0.7907504324906921
sensitivity,inflation64,low_yaw,20,always_probe,9,9,0.25466666666666604,0.20377777777778042,0.3211111111111112,0.25466666666666604,0.20377777777778042,0.3211111111111112,0,0,0.22920484159977478,0.15761748515753168,0.30155736495334984
sensitivity,inflation64,low_yaw,20,batch_aware,9,9,0.0,0.0,0.0,0.0,0.0,0.0,0,0,0.00127753959986876,0.0009354792316867133,0.0015361190502801493
sensitivity,inflation64,low_yaw,20,ignore_passive,9,9,0.25466666666666604,0.20377777777778042,0.3211111111111112,0.25466666666666604,0.20377777777778042,0.3211111111111112,0,0,0.22922145970001892,0.1576422893003302,0.3016143443694195
sensitivity,inflation64,low_yaw,20,uncertainty_trigger,9,9,0.25466666666666604,0.20377777777778042,0.3211111111111112,0.25466666666666604,0.20377777777778042,0.3211111111111112,0,0,0.22917351849974565,0.15764121488051686,0.3015684245671281
sensitivity,inflation64,low_yaw,60,always_probe,9,9,-0.47000000000000836,-0.682000000000029,-0.2582222222222299,-0.47000000000000836,-0.682000000000029,-0.2582222222222299,0,0,-0.42300793110048857,-0.6342435190072959,-0.21636848697954963
sensitivity,inflation64,low_yaw,60,batch_aware,9,9,-0.47000000000000836,-0.682000000000029,-0.2582222222222299,-0.47000000000000836,-0.682000000000029,-0.2582222222222299,0,0,-0.4192548296000552,-0.629902550615529,-0.2132751143912304
sensitivity,inflation64,low_yaw,60,ignore_passive,9,9,-0.47000000000000836,-0.682000000000029,-0.2582222222222299,-0.47000000000000836,-0.682000000000029,-0.2582222222222299,0,0,-0.4228973425001243,-0.6340414029748869,-0.21632381410105142
sensitivity,inflation64,low_yaw,60,uncertainty_trigger,9,9,-0.47000000000000836,-0.682000000000029,-0.2582222222222299,-0.47000000000000836,-0.682000000000029,-0.2582222222222299,0,0,-0.4229261941012794,-0.6340657236581713,-0.21639787240942765
sensitivity,probe_fast,excited,20,always_probe,4,9,0.5960000000000019,0.5959999999999983,0.5960000000000036,-17.907333333333334,-29.048444444444442,-6.766222222222223,5,0,83.88271374059943,33.79090651819186,134.0028909197543
sensitivity,probe_fast,excited,20,batch_aware,9,9,0.0,0.0,0.0,0.0,0.0,0.0,0,0,0.001181336799663768,0.0008754679048718117,0.0014008231567299845
sensitivity,probe_fast,excited,20,ignore_passive,4,9,0.5960000000000019,0.5959999999999983,0.5960000000000036,-17.907333333333334,-29.048444444444442,-6.766222222222223,5,0,83.88277788919964,33.790952943746916,134.0029658867069
sensitivity,probe_fast,excited,20,uncertainty_trigger,4,9,0.5960000000000019,0.5959999999999983,0.5960000000000036,-17.907333333333334,-29.048444444444442,-6.766222222222223,5,0,83.88272753249963,33.79092655894493,134.00290346820157
sensitivity,probe_fast,excited,60,always_probe,4,9,0.595999999999993,0.5959999999999894,0.5960000000000001,-54.63622222222219,-87.89288888888885,-21.37955555555554,5,0,250.82517223809992,100.46933926827509,401.2163580160821
sensitivity,probe_fast,excited,60,batch_aware,9,9,0.0,0.0,0.0,0.0,0.0,0.0,0,0,0.0038346499993167525,0.0028141804297979437,0.004633438500096645
sensitivity,probe_fast,excited,60,ignore_passive,4,9,0.595999999999993,0.5959999999999894,0.5960000000000001,-54.63622222222219,-87.89288888888885,-21.37955555555554,5,0,250.8252382546002,100.46941575478472,401.2164253791392
sensitivity,probe_fast,excited,60,uncertainty_trigger,4,9,0.595999999999993,0.5959999999999894,0.5960000000000001,-54.63622222222219,-87.89288888888885,-21.37955555555554,5,0,250.82523756740002,100.4694260218091,401.21638192668934
sensitivity,probe_fast,low_yaw,20,always_probe,4,9,0.08800000000000097,0.05100000000000726,0.12200000000000344,-18.278888888888886,-29.326444444444444,-7.231333333333333,5,0,83.54830613510032,33.400734486545765,133.69750876296726
sensitivity,probe_fast,low_yaw,20,batch_aware,9,9,0.0,0.0,0.0,0.0,0.0,0.0,0,0,0.0011736187999758841,0.0008710139402637652,0.0013899791244023163
sensitivity,probe_fast,low_yaw,20,ignore_passive,4,9,0.08800000000000097,0.05100000000000726,0.12200000000000344,-18.278888888888886,-29.326444444444444,-7.231333333333333,5,0,83.54833987399995,33.400793485202065,133.69757543679233
sensitivity,probe_fast,low_yaw,20,uncertainty_trigger,4,9,0.08800000000000097,0.05100000000000726,0.12200000000000344,-18.278888888888886,-29.326444444444444,-7.231333333333333,5,0,83.54828345529953,33.40073570471934,133.6975253534273
sensitivity,probe_fast,low_yaw,60,always_probe,4,9,-0.09850000000000136,-0.44549999999999557,0.1039999999999921,-55.090666666666635,-88.18555555555551,-22.118116666666673,5,0,250.4163278395008,99.93007752373107,400.9044311695828
sensitivity,probe_fast,low_yaw,60,batch_aware,9,9,0.0,0.0,0.0,0.0,0.0,0.0,0,0,0.0035485325995523453,0.002645110061497462,0.004163422918807101
sensitivity,probe_fast,low_yaw,60,ignore_passive,4,9,-0.09850000000000136,-0.44549999999999557,0.1039999999999921,-55.090666666666635,-88.18555555555551,-22.118116666666673,5,0,250.4163727115004,99.93015001973328,400.9044871647728
sensitivity,probe_fast,low_yaw,60,uncertainty_trigger,4,9,-0.09850000000000136,-0.44549999999999557,0.1039999999999921,-55.090666666666635,-88.18555555555551,-22.118116666666673,5,0,250.41635005370068,99.93008039903275,400.9044336099578
sensitivity,probe_slow,excited,20,always_probe,9,9,1.1988888888888907,1.1960000000000004,1.2046666666666692,1.1988888888888907,1.1960000000000004,1.2046666666666692,0,0,1.0789849113001364,0.8371748411576387,1.2037967132007452
sensitivity,probe_slow,excited,20,batch_aware,9,9,0.0,0.0,0.0,0.0,0.0,0.0,0,0,0.0011487756007682037,0.0008536834372398517,0.0013582296571030383
sensitivity,probe_slow,excited,20,ignore_passive,9,9,1.1988888888888907,1.1960000000000004,1.2046666666666692,1.1988888888888907,1.1960000000000004,1.2046666666666692,0,0,1.0790242962998544,0.8372085473004804,1.2038264908627616
sensitivity,probe_slow,excited,20,uncertainty_trigger,9,9,1.1988888888888907,1.1960000000000004,1.2046666666666692,1.1988888888888907,1.1960000000000004,1.2046666666666692,0,0,1.0789898635996504,0.837176034580032,1.2037828851723968
sensitivity,probe_slow,excited,60,always_probe,9,9,1.198888888888888,1.195999999999998,1.204666666666665,1.198888888888888,1.195999999999998,1.204666666666665,0,0,1.079036651601021,0.8372436369232285,1.2037688561836208
sensitivity,probe_slow,excited,60,batch_aware,9,9,0.0,0.0,0.0,0.0,0.0,0.0,0,0,0.0034245396006099328,0.0025308223009687936,0.004067568282210913
sensitivity,probe_slow,excited,60,ignore_passive,9,9,1.198888888888888,1.195999999999998,1.204666666666665,1.198888888888888,1.195999999999998,1.204666666666665,0,0,1.0790523381005215,0.8372437368607358,1.2038238256000995
sensitivity,probe_slow,excited,60,uncertainty_trigger,9,9,1.198888888888888,1.195999999999998,1.204666666666665,1.198888888888888,1.195999999999998,1.204666666666665,0,0,1.0790484684988797,0.8372299847727777,1.203731945849846
sensitivity,probe_slow,low_yaw,20,always_probe,9,9,0.8302222222222232,0.7502166666666662,0.9140000000000023,0.8302222222222232,0.7502166666666662,0.9140000000000023,0,0,0.747170470800873,0.5505563464480845,0.8865991166354841
sensitivity,probe_slow,low_yaw,20,batch_aware,9,9,0.0,0.0,0.0,0.0,0.0,0.0,0,0,0.001171925500557336,0.000880602935137631,0.0013717487708800034
sensitivity,probe_slow,low_yaw,20,ignore_passive,9,9,0.8302222222222232,0.7502166666666662,0.9140000000000023,0.8302222222222232,0.7502166666666662,0.9140000000000023,0,0,0.7472029220000678,0.5505953332599046,0.8866318898005254
sensitivity,probe_slow,low_yaw,20,uncertainty_trigger,9,9,0.8302222222222232,0.7502166666666662,0.9140000000000023,0.8302222222222232,0.7502166666666662,0.9140000000000023,0,0,0.7472172268998094,0.550637827739525,0.886669495053851
sensitivity,probe_slow,low_yaw,60,always_probe,9,9,0.7473333333333348,0.5406666666666728,0.906222222222223,0.7473333333333348,0.5406666666666728,0.906222222222223,0,0,0.6726248589002253,0.4377598599259927,0.8651731824496571
sensitivity,probe_slow,low_yaw,60,batch_aware,9,9,0.0,0.0,0.0,0.0,0.0,0.0,0,0,0.0034266176005530724,0.002535184398608408,0.004050546715241125
sensitivity,probe_slow,low_yaw,60,ignore_passive,9,9,0.7473333333333348,0.5406666666666728,0.906222222222223,0.7473333333333348,0.5406666666666728,0.906222222222223,0,0,0.6728651077015357,0.43845621580307975,0.8652507420752724
sensitivity,probe_slow,low_yaw,60,uncertainty_trigger,9,9,0.7473333333333348,0.5406666666666728,0.906222222222223,0.7473333333333348,0.5406666666666728,0.906222222222223,0,0,0.6725981291000508,0.43770432371926926,0.8651888995771023
sensitivity,allowance07,excited,20,always_probe,9,9,0.7959999999999998,0.7959999999999994,0.7960000000000006,0.7959999999999998,0.7959999999999994,0.7960000000000006,0,0,0.7162502433006704,0.5570259290357656,0.7960138616938159
sensitivity,allowance07,excited,20,batch_aware,9,9,0.0,0.0,0.0,0.0,0.0,0.0,0,0,0.0011097486003109225,0.0006921722425647659,0.0014465563023827598
sensitivity,allowance07,excited,20,ignore_passive,9,9,0.7959999999999998,0.7959999999999994,0.7960000000000006,0.7959999999999998,0.7959999999999994,0.7960000000000006,0,0,0.7163695506001442,0.5570896773322731,0.7961644928003768
sensitivity,allowance07,excited,20,uncertainty_trigger,9,9,0.7959999999999998,0.7959999999999994,0.7960000000000006,0.7959999999999998,0.7959999999999994,0.7960000000000006,0,0,0.7162537106004276,0.557028111195513,0.7960175598149699
sensitivity,allowance07,excited,60,always_probe,9,9,0.7959999999999954,0.7959999999999923,0.7960000000000002,0.7959999999999954,0.7959999999999923,0.7960000000000002,0,0,0.7163898061002982,0.5570661853012498,0.7962503836556385
sensitivity,allowance07,excited,60,batch_aware,9,9,0.0,0.0,0.0,0.0,0.0,0.0,0,0,0.003708730700691376,0.0025582703315694746,0.004750701784493003
sensitivity,allowance07,excited,60,ignore_passive,9,9,0.7959999999999954,0.7959999999999923,0.7960000000000002,0.7959999999999954,0.7959999999999923,0.7960000000000002,0,0,0.7163356224001489,0.5570261785936794,0.7961746447376387
sensitivity,allowance07,excited,60,uncertainty_trigger,9,9,0.7959999999999954,0.7959999999999923,0.7960000000000002,0.7959999999999954,0.7959999999999923,0.7960000000000002,0,0,0.7164839823992878,0.5571089029546926,0.796391997232585
sensitivity,allowance07,low_yaw,20,always_probe,9,9,0.4244444444444429,0.3377777777777792,0.5124444444444407,0.4244444444444429,0.3377777777777792,0.5124444444444407,0,0,0.3819293243001816,0.26550739839241494,0.4855228280782666
sensitivity,allowance07,low_yaw,20,batch_aware,9,9,0.0,0.0,0.0,0.0,0.0,0.0,0,0,0.0012443854991943226,0.0009282602493328795,0.001454999798988865
sensitivity,allowance07,low_yaw,20,ignore_passive,9,9,0.4244444444444429,0.3377777777777792,0.5124444444444407,0.4244444444444429,0.3377777777777792,0.5124444444444407,0,0,0.38204995419990195,0.26559061931744526,0.4856577063479161
sensitivity,allowance07,low_yaw,20,uncertainty_trigger,9,9,0.4244444444444429,0.3377777777777792,0.5124444444444407,0.4244444444444429,0.3377777777777792,0.5124444444444407,0,0,0.3820743562990906,0.26556270306193613,0.48572874604946004
sensitivity,allowance07,low_yaw,60,always_probe,9,9,0.3415555555555538,0.12332777777777931,0.5062222222222174,0.3415555555555538,0.12332777777777931,0.5062222222222174,0,0,0.3071099263009188,0.1076516392893456,0.46883855452650214
sensitivity,allowance07,low_yaw,60,batch_aware,9,9,0.0,0.0,0.0,0.0,0.0,0.0,0,0,0.003289088199926482,0.002364334229934002,0.0040177029003336875
sensitivity,allowance07,low_yaw,60,ignore_passive,9,9,0.3415555555555538,0.12332777777777931,0.5062222222222174,0.3415555555555538,0.12332777777777931,0.5062222222222174,0,0,0.3071741702995411,0.10761864320452731,0.4688975851440784
sensitivity,allowance07,low_yaw,60,uncertainty_trigger,9,9,0.3415555555555538,0.12332777777777931,0.5062222222222174,0.3415555555555538,0.12332777777777931,0.5062222222222174,0,0,0.30698325989982606,0.10751765620571353,0.46864947415006303
sensitivity,allowance11,excited,20,always_probe,9,9,0.7959999999999998,0.7959999999999994,0.7960000000000006,0.7959999999999998,0.7959999999999994,0.7960000000000006,0,0,0.7163788476999127,0.5571559179571554,0.7960275786347618
sensitivity,allowance11,excited,20,batch_aware,9,9,0.0,0.0,0.0,0.0,0.0,0.0,0,0,0.0012196569996376638,0.0009018260871698658,0.0014526294743029665
sensitivity,allowance11,excited,20,ignore_passive,9,9,0.7959999999999998,0.7959999999999994,0.7960000000000006,0.7959999999999998,0.7959999999999994,0.7960000000000006,0,0,0.7164377434003892,0.5572077724006106,0.7960833347001064
sensitivity,allowance11,excited,20,uncertainty_trigger,9,9,0.7959999999999998,0.7959999999999994,0.7960000000000006,0.7959999999999998,0.7959999999999994,0.7960000000000006,0,0,0.716352780600506,0.5571304966501404,0.7960088833455092
sensitivity,allowance11,excited,60,always_probe,9,9,0.7959999999999954,0.7959999999999923,0.7960000000000002,0.7959999999999954,0.7959999999999923,0.7960000000000002,0,0,0.7165102436993237,0.557219383195159,0.7962391144188637
sensitivity,allowance11,excited,60,batch_aware,9,9,0.0,0.0,0.0,0.0,0.0,0.0,0,0,0.0035935802006861195,0.002695547191700598,0.0041935562598530395
sensitivity,allowance11,excited,60,ignore_passive,9,9,0.7959999999999954,0.7959999999999923,0.7960000000000002,0.7959999999999954,0.7959999999999923,0.7960000000000002,0,0,0.7164824503997096,0.5572281834017285,0.7961555792873158
sensitivity,allowance11,excited,60,uncertainty_trigger,9,9,0.7959999999999954,0.7959999999999923,0.7960000000000002,0.7959999999999954,0.7959999999999923,0.7960000000000002,0,0,0.7164023314005334,0.5571770666807213,0.7960473603997793
sensitivity,allowance11,low_yaw,20,always_probe,9,9,0.4244444444444429,0.3377777777777792,0.5124444444444407,0.4244444444444429,0.3377777777777792,0.5124444444444407,0,0,0.382008658899786,0.26555548871752005,0.48564407798799264
sensitivity,allowance11,low_yaw,20,batch_aware,9,9,0.0,0.0,0.0,0.0,0.0,0.0,0,0,0.0012942799000029482,0.0009543463121895002,0.0015384495768410032
sensitivity,allowance11,low_yaw,20,ignore_passive,9,9,0.4244444444444429,0.3377777777777792,0.5124444444444407,0.4244444444444429,0.3377777777777792,0.5124444444444407,0,0,0.3821240940998273,0.2656350532201745,0.4857708590817955
sensitivity,allowance11,low_yaw,20,uncertainty_trigger,9,9,0.4244444444444429,0.3377777777777792,0.5124444444444407,0.4244444444444429,0.3377777777777792,0.5124444444444407,0,0,0.3822199069998355,0.2655919091471901,0.4860560962986405
sensitivity,allowance11,low_yaw,60,always_probe,9,9,0.3415555555555538,0.12332777777777931,0.5062222222222174,0.3415555555555538,0.12332777777777931,0.5062222222222174,0,0,0.307420831100481,0.10780867481917437,0.4692907211853464
sensitivity,allowance11,low_yaw,60,batch_aware,9,9,0.0,0.0,0.0,0.0,0.0,0.0,0,0,0.0039659234006649054,0.0029042972692548117,0.004836183841088086
sensitivity,allowance11,low_yaw,60,ignore_passive,9,9,0.3415555555555538,0.12332777777777931,0.5062222222222174,0.3415555555555538,0.12332777777777931,0.5062222222222174,0,0,0.3074392935010934,0.10783437049641986,0.4692929767125931
sensitivity,allowance11,low_yaw,60,uncertainty_trigger,9,9,0.3415555555555538,0.12332777777777931,0.5062222222222174,0.3415555555555538,0.12332777777777931,0.5062222222222174,0,0,0.307411621101474,0.10785370401419198,0.46924224426654604
mismatch,friction075,excited,20,always_probe,27,27,0.7959999999999993,0.7959999999999986,0.7959999999999998,0.7959999999999993,0.7959999999999986,0.7959999999999998,0,0,0.7164010196669026,0.6102929649452239,0.7959986262493903
mismatch,friction075,excited,20,batch_aware,27,27,0.0,0.0,0.0,0.0,0.0,0.0,0,0,0.0011976098667067466,0.0010264900750056919,0.0013474077164490456
mismatch,friction075,excited,20,ignore_passive,27,27,0.7959999999999993,0.7959999999999986,0.7959999999999998,0.7959999999999993,0.7959999999999986,0.7959999999999998,0,0,0.7165026225999636,0.6103856689723829,0.7961090882426358
mismatch,friction075,excited,20,oracle,27,27,-0.1221481481481494,-0.13133333333333527,-0.11333333333333434,-0.1221481481481494,-0.13133333333333527,-0.11333333333333434,0,3,-16.839877052033394,-39.00097054082461,-0.12323168957597772
mismatch,friction075,excited,20,uncertainty_trigger,27,27,0.7959999999999993,0.7959999999999986,0.7959999999999998,0.7959999999999993,0.7959999999999986,0.7959999999999998,0,0,0.7164144772999337,0.6103049968202124,0.7960129810331898
mismatch,friction075,low_yaw,20,always_probe,27,27,0.4176296296296279,0.3693314814814783,0.4661499999999994,0.4176296296296279,0.3693314814814783,0.4661499999999994,0,0,0.37587444563308736,0.31201420284666914,0.43523623970364733
mismatch,friction075,low_yaw,20,batch_aware,27,27,0.0,0.0,0.0,0.0,0.0,0.0,0,0,0.0013472025665578259,0.0011509890746367547,0.001518857473480466
mismatch,friction075,low_yaw,20,ignore_passive,27,27,0.4176296296296279,0.3693314814814783,0.4661499999999994,0.4176296296296279,0.3693314814814783,0.4661499999999994,0,0,0.3759235079998727,0.3120576021378002,0.43527911832870325
mismatch,friction075,low_yaw,20,oracle,27,27,-0.5005185185185207,-0.5474833333333359,-0.45355555555555693,-0.5005185185185207,-0.5474833333333359,-0.45355555555555693,0,3,-17.180431056099785,-39.29463515177958,-0.5061932062131498
mismatch,friction075,low_yaw,20,uncertainty_trigger,27,27,0.4176296296296279,0.3693314814814783,0.4661499999999994,0.4176296296296279,0.3693314814814783,0.4661499999999994,0,0,0.37591500189974264,0.3121032782068844,0.43525491967182733
mismatch,friction125,excited,20,always_probe,27,27,0.7959999999999993,0.7959999999999986,0.7959999999999998,0.7959999999999993,0.7959999999999986,0.7959999999999998,0,0,0.7163742972331502,0.6103002842854455,0.7959687743537905
mismatch,friction125,excited,20,batch_aware,27,27,0.0,0.0,0.0,0.0,0.0,0.0,0,0,0.0013705523996425959,0.00112804976604707,0.0016182003721390476
mismatch,friction125,excited,20,ignore_passive,27,27,0.7959999999999993,0.7959999999999986,0.7959999999999998,0.7959999999999993,0.7959999999999986,0.7959999999999998,0,0,0.716478928132961,0.6104194173955064,0.796079014769045
mismatch,friction125,excited,20,oracle,27,27,-0.12229629629629747,-0.13155555555555715,-0.1134074074074085,-0.12229629629629747,-0.13155555555555715,-0.1134074074074085,0,3,-16.840131750800403,-39.0013268033463,-0.1233510472160431
mismatch,friction125,excited,20,uncertainty_trigger,27,27,0.7959999999999993,0.7959999999999986,0.7959999999999998,0.7959999999999993,0.7959999999999986,0.7959999999999998,0,0,0.7164103534329651,0.6103335101280506,0.7960026776866083
mismatch,friction125,low_yaw,20,always_probe,27,27,0.42318518518518394,0.3751092592592559,0.4719999999999982,0.42318518518518394,0.3751092592592559,0.4719999999999982,0,0,0.3808955706336,0.31642201077870813,0.440691936037833
mismatch,friction125,low_yaw,20,batch_aware,27,27,0.0,0.0,0.0,0.0,0.0,0.0,0,0,0.0013623517005423005,0.001168237003446014,0.0015370617882156995
mismatch,friction125,low_yaw,20,ignore_passive,27,27,0.42318518518518394,0.3751092592592559,0.4719999999999982,0.42318518518518394,0.3751092592592559,0.4719999999999982,0,0,0.3809471467003441,0.31649531362139166,0.440749405235478
mismatch,friction125,low_yaw,20,oracle,27,27,-0.4951111111111128,-0.5417037037037068,-0.4487370370370371,-0.4951111111111128,-0.5417037037037068,-0.4487370370370371,0,3,-17.175643136766386,-39.29323264075673,-0.5012445886044788
mismatch,friction125,low_yaw,20,uncertainty_trigger,27,27,0.42318518518518394,0.3751092592592559,0.4719999999999982,0.42318518518518394,0.3751092592592559,0.4719999999999982,0,0,0.3808908528671369,0.3164720480363429,0.44067776189763563
mismatch,asymmetric,excited,20,always_probe,27,27,0.7959999999999995,0.7959999999999994,0.7959999999999998,0.7959999999999995,0.7959999999999994,0.7959999999999998,0,0,0.7164119197662111,0.6103143797016337,0.7960080859292495
mismatch,asymmetric,excited,20,batch_aware,27,27,0.0,0.0,0.0,0.0,0.0,0.0,0,0,0.001301796366609172,0.0011073895749226872,0.0014729594841920363
mismatch,asymmetric,excited,20,ignore_passive,27,27,0.7959999999999995,0.7959999999999994,0.7959999999999998,0.7959999999999995,0.7959999999999994,0.7959999999999998,0,0,0.7165731057001806,0.6105340712985803,0.7961714047287196
mismatch,asymmetric,excited,20,oracle,27,27,-0.12185185185185274,-0.13140740740740853,-0.11281481481481584,-0.12185185185185274,-0.13140740740740853,-0.11281481481481584,0,3,-16.839873473533718,-39.002320656090056,-0.12293798900422057
mismatch,asymmetric,excited,20,uncertainty_trigger,27,27,0.7959999999999995,0.7959999999999994,0.7959999999999998,0.7959999999999995,0.7959999999999994,0.7959999999999998,0,0,0.7164545687997597,0.6103996480769204,0.796040117604669
mismatch,asymmetric,low_yaw,20,always_probe,27,27,0.42133333333333217,0.3731111111111105,0.4696314814814811,0.42133333333333217,0.3731111111111105,0.4696314814814811,0,0,0.3791880768666258,0.31529141364409435,0.43850803708437014
mismatch,asymmetric,low_yaw,20,batch_aware,27,27,0.0,0.0,0.0,0.0,0.0,0.0,0,0,0.0013076094998571838,0.0010686742506686641,0.0015939795925514015
mismatch,asymmetric,low_yaw,20,ignore_passive,27,27,0.42133333333333217,0.3731111111111105,0.4696314814814811,0.42133333333333217,0.3731111111111105,0.4696314814814811,0,0,0.3792602837663175,0.31538783140236337,0.43856977009970344
mismatch,asymmetric,low_yaw,20,oracle,27,27,-0.4965185185185201,-0.5431851851851874,-0.45014629629629915,-0.4965185185185201,-0.5431851851851874,-0.45014629629629915,0,3,-17.177143792100058,-39.29329736490553,-0.5025879678059662
mismatch,asymmetric,low_yaw,20,uncertainty_trigger,27,27,0.42133333333333217,0.3731111111111105,0.4696314814814811,0.42133333333333217,0.3731111111111105,0.4696314814814811,0,0,0.3792218149669904,0.3153675774417686,0.4385330281631624
mismatch,physical_payload,excited,20,always_probe,27,27,0.7959999999999993,0.7959999999999986,0.7959999999999998,0.7959999999999993,0.7959999999999986,0.7959999999999998,0,0,0.7164262676994825,0.6103543048512858,0.7960179680152256
mismatch,physical_payload,excited,20,batch_aware,27,27,0.0,0.0,0.0,0.0,0.0,0.0,0,0,0.0014899758668434516,0.001150691032165696,0.0019739183827948634
mismatch,physical_payload,excited,20,ignore_passive,27,27,0.7959999999999993,0.7959999999999986,0.7959999999999998,0.7959999999999993,0.7959999999999986,0.7959999999999998,0,0,0.7165806697330867,0.6105713151529327,0.7961733543719407
mismatch,physical_payload,excited,20,oracle,27,27,-0.12207407407407524,-0.1312592592592606,-0.11325925925926031,-0.12207407407407524,-0.1312592592592606,-0.11325925925926031,0,3,-16.839888171399824,-39.001306747652514,-0.12320319628619893
mismatch,physical_payload,excited,20,uncertainty_trigger,27,27,0.7959999999999993,0.7959999999999986,0.7959999999999998,0.7959999999999993,0.7959999999999986,0.7959999999999998,0,0,0.7164190348330907,0.6103623102962796,0.7960118617297041
mismatch,physical_payload,low_yaw,20,always_probe,27,27,0.3061481481481465,0.2759240740740713,0.3421481481481466,0.3061481481481465,0.2759240740740713,0.3421481481481466,0,0,0.27554743239987045,0.23067508546318796,0.31943515817613577
mismatch,physical_payload,low_yaw,20,batch_aware,27,27,0.0,0.0,0.0,0.0,0.0,0.0,0,0,0.0012349218330200528,0.0010604633021197667,0.0013887786076399304
mismatch,physical_payload,low_yaw,20,ignore_passive,27,27,0.3061481481481465,0.2759240740740713,0.3421481481481466,0.3061481481481465,0.2759240740740713,0.3421481481481466,0,0,0.2755928999336407,0.23071988116048014,0.3194903970587863
mismatch,physical_payload,low_yaw,20,oracle,27,27,-0.611925925925928,-0.6440000000000035,-0.5749629629629639,-0.611925925925928,-0.6440000000000035,-0.5749629629629639,0,3,-17.280748601199978,-39.380097341957566,-0.6167387448624929
mismatch,physical_payload,low_yaw,20,uncertainty_trigger,27,27,0.3061481481481465,0.2759240740740713,0.3421481481481466,0.3061481481481465,0.2759240740740713,0.3421481481481466,0,0,0.27564219623357433,0.230811309361476,0.31955681642238404
break_even,noise10,low_yaw,5,always_probe,9,9,0.5964444444444443,0.5853333333333334,0.6071111111111107,0.5964444444444443,0.5853333333333334,0.6071111111111107,0,0,0.536210524000268,0.4130386440550836,0.6027470224680063
break_even,noise10,low_yaw,5,batch_aware,9,9,0.0,0.0,0.0,0.0,0.0,0.0,0,0,0.0005569380001816171,0.0002826225878834521,0.0009884739728522616
break_even,noise10,low_yaw,5,ignore_passive,9,9,0.0,0.0,0.0,0.0,0.0,0.0,0,0,-0.0005374877999656747,-0.0018187979751269267,0.00012423735486777332
break_even,noise10,low_yaw,5,uncertainty_trigger,9,9,0.5964444444444443,0.5853333333333334,0.6071111111111107,0.5964444444444443,0.5853333333333334,0.6071111111111107,0,0,0.5361796521002876,0.4130201404905013,0.6027539332278072
break_even,noise10,low_yaw,10,always_probe,9,9,0.34911111111111304,0.3355555555555575,0.36311111111111355,0.34911111111111304,0.3355555555555575,0.36311111111111355,0,0,0.3141736713006331,0.23957469044023,0.3587455422059679
break_even,noise10,low_yaw,10,batch_aware,9,9,0.0,0.0,0.0,0.0,0.0,0.0,0,0,0.0006101456005126238,0.000446663042871478,0.0007320783426951039
break_even,noise10,low_yaw,10,ignore_passive,9,9,0.11511111111111166,0.03555555555555559,0.23022222222222333,0.11511111111111166,0.03555555555555559,0.23022222222222333,0,0,0.10363336140043806,3.1187863186232816e-05,0.20769964185586035
break_even,noise10,low_yaw,10,uncertainty_trigger,9,9,0.34911111111111304,0.3355555555555575,0.36311111111111355,0.34911111111111304,0.3355555555555575,0.36311111111111355,0,0,0.3141702575998998,0.2395784592618598,0.3587219059022417
break_even,noise10,low_yaw,15,always_probe,9,9,0.14888888888888926,0.10955555555555914,0.18955555555555512,0.14888888888888926,0.10955555555555914,0.18955555555555512,0,0,0.13399655159972496,0.08719034659693008,0.17939932246253376
break_even,noise10,low_yaw,15,batch_aware,9,9,0.0,0.0,0.0,0.0,0.0,0.0,0,0,0.000915870800099583,0.0006933763422750871,0.001056117124993534
break_even,noise10,low_yaw,15,ignore_passive,9,9,0.14888888888888926,0.10955555555555914,0.18955555555555512,0.14888888888888926,0.10955555555555914,0.18955555555555512,0,0,0.13406072780061037,0.08724950150082585,0.1794576634980601
break_even,noise10,low_yaw,15,uncertainty_trigger,9,9,0.14888888888888926,0.10955555555555914,0.18955555555555512,0.14888888888888926,0.10955555555555914,0.18955555555555512,0,0,0.1340175196000331,0.08720806012008368,0.17941747459101592
break_even,noise10,low_yaw,25,always_probe,9,9,-0.17866666666667186,-0.2744444444444522,-0.0873277777777859,-0.17866666666667186,-0.2744444444444522,-0.0873277777777859,0,0,-0.16077337979948964,-0.2530022253041959,-0.07308435159672348
break_even,noise10,low_yaw,25,batch_aware,9,9,-0.17866666666667186,-0.2744444444444522,-0.0873277777777859,-0.17866666666667186,-0.2744444444444522,-0.0873277777777859,0,0,-0.15930643409977704,-0.2514042643748807,-0.07172348533190728
break_even,noise10,low_yaw,25,ignore_passive,9,9,-0.17866666666667186,-0.2744444444444522,-0.0873277777777859,-0.17866666666667186,-0.2744444444444522,-0.0873277777777859,0,0,-0.16071095619921466,-0.25291800359880695,-0.0731202995119971
break_even,noise10,low_yaw,25,uncertainty_trigger,9,9,-0.17866666666667186,-0.2744444444444522,-0.0873277777777859,-0.17866666666667186,-0.2744444444444522,-0.0873277777777859,0,0,-0.16084333310044344,-0.2530825430001464,-0.07320309637553085
break_even,noise10,low_yaw,30,always_probe,9,9,-0.3193333333333375,-0.43333888888889593,-0.21488888888889332,-0.3193333333333375,-0.43333888888889593,-0.21488888888889332,0,0,-0.287393765000094,-0.4040042555518683,-0.17497899001740883
break_even,noise10,low_yaw,30,batch_aware,9,9,-0.3193333333333375,-0.43333888888889593,-0.21488888888889332,-0.3193333333333375,-0.43333888888889593,-0.21488888888889332,0,0,-0.28565222120016787,-0.40202054994957803,-0.17343844959937585
break_even,noise10,low_yaw,30,ignore_passive,9,9,-0.3193333333333375,-0.43333888888889593,-0.21488888888889332,-0.3193333333333375,-0.43333888888889593,-0.21488888888889332,0,0,-0.28737788280043475,-0.40392709133274096,-0.17492447211459686
break_even,noise10,low_yaw,30,uncertainty_trigger,9,9,-0.3193333333333375,-0.43333888888889593,-0.21488888888889332,-0.3193333333333375,-0.43333888888889593,-0.21488888888889332,0,0,-0.2874087289005516,-0.4038582950746418,-0.17498808724803822
