group,setting,family,N,method,decision_n,beneficial_probe_n,harmful_probe_n,correct_n,sensitivity_numerator,specificity_numerator,mean_regret_ci95_s_mean,mean_regret_ci95_s_ci95_low,mean_regret_ci95_s_ci95_high,max_regret_s
extended,base,excited,1,always_probe,27,0,27,0,0,0,0.7959999999999999,0.7959999999999999,0.7959999999999999,0.7960000000000003
extended,base,excited,1,batch_aware,27,0,27,27,0,27,0.0,0.0,0.0,0.0
extended,base,excited,1,ignore_passive,27,0,27,27,0,27,0.0,0.0,0.0,0.0
extended,base,excited,1,passive,27,0,27,27,0,27,0.0,0.0,0.0,0.0
extended,base,excited,1,uncertainty_trigger,27,0,27,0,0,0,0.7959999999999999,0.7959999999999999,0.7959999999999999,0.7960000000000003
extended,base,excited,5,always_probe,27,0,27,0,0,0,0.7959999999999996,0.7959999999999995,0.796,0.7960000000000012
extended,base,excited,5,batch_aware,27,0,27,27,0,27,0.0,0.0,0.0,0.0
extended,base,excited,5,ignore_passive,27,0,27,27,0,27,0.0,0.0,0.0,0.0
extended,base,excited,5,passive,27,0,27,27,0,27,0.0,0.0,0.0,0.0
extended,base,excited,5,uncertainty_trigger,27,0,27,0,0,0,0.7959999999999996,0.7959999999999995,0.796,0.7960000000000012
extended,base,excited,20,always_probe,27,0,27,0,0,0,0.7959999999999993,0.7959999999999986,0.7959999999999998,0.7960000000000029
extended,base,excited,20,batch_aware,27,0,27,27,0,27,0.0,0.0,0.0,0.0
extended,base,excited,20,ignore_passive,27,0,27,0,0,0,0.7959999999999993,0.7959999999999986,0.7959999999999998,0.7960000000000029
extended,base,excited,20,passive,27,0,27,27,0,27,0.0,0.0,0.0,0.0
extended,base,excited,20,uncertainty_trigger,27,0,27,0,0,0,0.7959999999999993,0.7959999999999986,0.7959999999999998,0.7960000000000029
extended,base,excited,40,always_probe,27,0,27,0,0,0,0.7959999999999963,0.7959999999999942,0.7959999999999984,0.7960000000000065
extended,base,excited,40,batch_aware,27,0,27,27,0,27,0.0,0.0,0.0,0.0
extended,base,excited,40,ignore_passive,27,0,27,0,0,0,0.7959999999999963,0.7959999999999942,0.7959999999999984,0.7960000000000065
extended,base,excited,40,passive,27,0,27,27,0,27,0.0,0.0,0.0,0.0
extended,base,excited,40,uncertainty_trigger,27,0,27,0,0,0,0.7959999999999963,0.7959999999999942,0.7959999999999984,0.7960000000000065
extended,base,excited,60,always_probe,27,0,27,0,0,0,0.795999999999997,0.7959999999999944,0.7959999999999996,0.7960000000000065
extended,base,excited,60,batch_aware,27,0,27,27,0,27,0.0,0.0,0.0,0.0
extended,base,excited,60,ignore_passive,27,0,27,0,0,0,0.795999999999997,0.7959999999999944,0.7959999999999996,0.7960000000000065
extended,base,excited,60,passive,27,0,27,27,0,27,0.0,0.0,0.0,0.0
extended,base,excited,60,uncertainty_trigger,27,0,27,0,0,0,0.795999999999997,0.7959999999999944,0.7959999999999996,0.7960000000000065
extended,base,excited,100,always_probe,27,0,27,0,0,0,0.7959999999999965,0.7959999999999933,0.7960000000000007,0.7960000000000207
extended,base,excited,100,batch_aware,27,0,27,27,0,27,0.0,0.0,0.0,0.0
extended,base,excited,100,ignore_passive,27,0,27,0,0,0,0.7959999999999965,0.7959999999999933,0.7960000000000007,0.7960000000000207
extended,base,excited,100,passive,27,0,27,27,0,27,0.0,0.0,0.0,0.0
extended,base,excited,100,uncertainty_trigger,27,0,27,0,0,0,0.7959999999999965,0.7959999999999933,0.7960000000000007,0.7960000000000207
extended,base,low_yaw,1,always_probe,27,0,27,0,0,0,0.7959999999999999,0.7959999999999999,0.7959999999999999,0.7960000000000003
extended,base,low_yaw,1,batch_aware,27,0,27,27,0,27,0.0,0.0,0.0,0.0
extended,base,low_yaw,1,ignore_passive,27,0,27,27,0,27,0.0,0.0,0.0,0.0
extended,base,low_yaw,1,passive,27,0,27,27,0,27,0.0,0.0,0.0,0.0
extended,base,low_yaw,1,uncertainty_trigger,27,0,27,0,0,0,0.7959999999999999,0.7959999999999999,0.7959999999999999,0.7960000000000003
extended,base,low_yaw,5,always_probe,27,0,27,0,0,0,0.6737037037037036,0.6645185185185183,0.682074074074074,0.6999999999999993
extended,base,low_yaw,5,batch_aware,27,0,27,27,0,27,0.0,0.0,0.0,0.0
extended,base,low_yaw,5,ignore_passive,27,0,27,27,0,27,0.0,0.0,0.0,0.0
extended,base,low_yaw,5,passive,27,0,27,27,0,27,0.0,0.0,0.0,0.0
extended,base,low_yaw,5,uncertainty_trigger,27,0,27,0,0,0,0.6737037037037036,0.6645185185185183,0.682074074074074,0.6999999999999993
extended,base,low_yaw,20,always_probe,27,0,27,0,0,0,0.4194814814814797,0.37199814814814824,0.4671870370370366,0.6039999999999992
extended,base,low_yaw,20,batch_aware,27,0,27,27,0,27,0.0,0.0,0.0,0.0
extended,base,low_yaw,20,ignore_passive,27,0,27,0,0,0,0.4194814814814797,0.37199814814814824,0.4671870370370366,0.6039999999999992
extended,base,low_yaw,20,passive,27,0,27,27,0,27,0.0,0.0,0.0,0.0
extended,base,low_yaw,20,uncertainty_trigger,27,0,27,0,0,0,0.4194814814814797,0.37199814814814824,0.4671870370370366,0.6039999999999992
extended,base,low_yaw,40,always_probe,27,4,23,4,4,0,0.37711111111110907,0.30192222222222065,0.4483722222222199,0.6039999999999992
extended,base,low_yaw,40,batch_aware,27,4,23,23,0,23,0.039407407407408196,0.008074074074074204,0.07881481481481745,0.29000000000002046
extended,base,low_yaw,40,ignore_passive,27,4,23,4,4,0,0.37711111111110907,0.30192222222222065,0.4483722222222199,0.6039999999999992
extended,base,low_yaw,40,passive,27,4,23,23,0,23,0.039407407407408196,0.008074074074074204,0.07881481481481745,0.29000000000002046
extended,base,low_yaw,40,uncertainty_trigger,27,4,23,4,4,0,0.37711111111110907,0.30192222222222065,0.4483722222222199,0.6039999999999992
extended,base,low_yaw,60,always_probe,27,4,23,4,4,0,0.3771111111111101,0.3019222222222222,0.4483722222222194,0.6039999999999992
extended,base,low_yaw,60,batch_aware,27,4,23,23,0,23,0.06577777777777921,0.012740740740741049,0.13229629629629755,0.6020000000000323
extended,base,low_yaw,60,ignore_passive,27,4,23,4,4,0,0.3771111111111101,0.3019222222222222,0.4483722222222194,0.6039999999999992
extended,base,low_yaw,60,passive,27,4,23,23,0,23,0.06577777777777921,0.012740740740741049,0.13229629629629755,0.6020000000000323
extended,base,low_yaw,60,uncertainty_trigger,27,4,23,4,4,0,0.3771111111111101,0.3019222222222222,0.4483722222222194,0.6039999999999992
extended,base,low_yaw,100,always_probe,27,4,23,4,4,0,0.3771111111111075,0.30192222222221954,0.4483722222222157,0.6040000000000134
extended,base,low_yaw,100,batch_aware,27,4,23,23,0,23,0.06577777777778132,0.012740740740741574,0.1322962962963008,0.6020000000000607
extended,base,low_yaw,100,ignore_passive,27,4,23,4,4,0,0.3771111111111075,0.30192222222221954,0.4483722222222157,0.6040000000000134
extended,base,low_yaw,100,passive,27,4,23,23,0,23,0.06577777777778132,0.012740740740741574,0.1322962962963008,0.6020000000000607
extended,base,low_yaw,100,uncertainty_trigger,27,4,23,4,4,0,0.3771111111111075,0.30192222222221954,0.4483722222222157,0.6040000000000134
sensitivity,noise10,excited,20,always_probe,9,0,9,0,0,0,0.7544444444444444,0.7377777777777754,0.7715555555555559,0.7980000000000018
sensitivity,noise10,excited,20,batch_aware,9,0,9,9,0,9,0.0,0.0,0.0,0.0
sensitivity,noise10,excited,20,ignore_passive,9,0,9,0,0,0,0.7544444444444444,0.7377777777777754,0.7715555555555559,0.7980000000000018
sensitivity,noise10,excited,20,passive,9,0,9,9,0,9,0.0,0.0,0.0,0.0
sensitivity,noise10,excited,20,uncertainty_trigger,9,0,9,0,0,0,0.7544444444444444,0.7377777777777754,0.7715555555555559,0.7980000000000018
sensitivity,noise10,excited,60,always_probe,9,0,9,0,0,0,0.7317777777777776,0.7200000000000052,0.7431111111111098,0.7460000000000093
sensitivity,noise10,excited,60,batch_aware,9,0,9,9,0,9,0.0,0.0,0.0,0.0
sensitivity,noise10,excited,60,ignore_passive,9,0,9,0,0,0,0.7317777777777776,0.7200000000000052,0.7431111111111098,0.7460000000000093
sensitivity,noise10,excited,60,passive,9,0,9,9,0,9,0.0,0.0,0.0,0.0
sensitivity,noise10,excited,60,uncertainty_trigger,9,0,9,0,0,0,0.7317777777777776,0.7200000000000052,0.7431111111111098,0.7460000000000093
sensitivity,noise10,low_yaw,20,always_probe,9,5,4,5,5,0,0.039777777777776656,0.012000000000001244,0.07044444444444053,0.10999999999998522
sensitivity,noise10,low_yaw,20,batch_aware,9,5,4,5,5,0,0.039777777777776656,0.012000000000001244,0.07044444444444053,0.10999999999998522
sensitivity,noise10,low_yaw,20,ignore_passive,9,5,4,5,5,0,0.039777777777776656,0.012000000000001244,0.07044444444444053,0.10999999999998522
sensitivity,noise10,low_yaw,20,passive,9,5,4,4,0,4,0.06622222222222342,0.0224444444444474,0.11244444444444371,0.17799999999999017
sensitivity,noise10,low_yaw,20,uncertainty_trigger,9,5,4,5,5,0,0.039777777777776656,0.012000000000001244,0.07044444444444053,0.10999999999998522
sensitivity,noise10,low_yaw,60,always_probe,9,9,0,9,9,0,0.0,0.0,0.0,0.0
sensitivity,noise10,low_yaw,60,batch_aware,9,9,0,9,9,0,0.0,0.0,0.0,0.0
sensitivity,noise10,low_yaw,60,ignore_passive,9,9,0,9,9,0,0.0,0.0,0.0,0.0
sensitivity,noise10,low_yaw,60,passive,9,9,0,0,0,0,1.0515555555556029,0.922655555555594,1.1937777777778331,1.4820000000000704
sensitivity,noise10,low_yaw,60,uncertainty_trigger,9,9,0,9,9,0,0.0,0.0,0.0,0.0
sensitivity,noise100,excited,20,always_probe,6,2,4,2,2,0,0.5499999999999959,0.25966666666666427,0.8373333333333276,0.8799999999999955
sensitivity,noise100,excited,20,batch_aware,6,2,4,4,0,4,9.436666666666667,0.0,27.944666666666667,55.524
sensitivity,noise100,excited,20,ignore_passive,6,2,4,2,0,2,9.715666666666667,0.2789999999999999,28.091333333333335,55.524
sensitivity,noise100,excited,20,passive,6,2,4,4,0,4,9.436666666666667,0.0,27.944666666666667,55.524
sensitivity,noise100,excited,20,uncertainty_trigger,6,2,4,2,2,0,0.5499999999999959,0.25966666666666427,0.8373333333333276,0.8799999999999955
sensitivity,noise100,excited,60,always_probe,6,2,4,2,2,0,0.5499999999999924,0.25966666666666544,0.8373333333333145,0.8799999999999955
sensitivity,noise100,excited,60,batch_aware,6,2,4,4,0,4,9.436666666666667,0.0,27.944666666666667,55.524
sensitivity,noise100,excited,60,ignore_passive,6,2,4,2,2,0,0.5499999999999924,0.25966666666666544,0.8373333333333145,0.8799999999999955
sensitivity,noise100,excited,60,passive,6,2,4,4,0,4,9.436666666666667,0.0,27.944666666666667,55.524
sensitivity,noise100,excited,60,uncertainty_trigger,6,2,4,2,2,0,0.5499999999999924,0.25966666666666544,0.8373333333333145,0.8799999999999955
sensitivity,noise100,low_yaw,20,always_probe,6,3,3,3,3,0,0.3436666666666734,0.05366666666666712,0.6363333333333449,0.8780000000000143
sensitivity,noise100,low_yaw,20,batch_aware,6,3,3,3,0,3,13.119,0.04533333333333189,31.581666666666667,55.524
sensitivity,noise100,low_yaw,20,ignore_passive,6,3,3,1,0,1,13.319000000000003,0.29066666666666663,31.680666666666667,55.524
sensitivity,noise100,low_yaw,20,passive,6,3,3,3,0,3,13.119,0.04533333333333189,31.581666666666667,55.524
sensitivity,noise100,low_yaw,20,uncertainty_trigger,6,3,3,3,3,0,0.3436666666666734,0.05366666666666712,0.6363333333333449,0.8780000000000143
sensitivity,noise100,low_yaw,60,always_probe,6,3,3,3,3,0,0.3436666666666686,0.05366666666666712,0.6363333333333495,0.8780000000000427
sensitivity,noise100,low_yaw,60,batch_aware,6,3,3,3,0,3,13.118999999999991,0.04533333333332242,31.581666666666667,55.524
sensitivity,noise100,low_yaw,60,ignore_passive,6,3,3,3,3,0,0.3436666666666686,0.05366666666666712,0.6363333333333495,0.8780000000000427
sensitivity,noise100,low_yaw,60,passive,6,3,3,3,0,3,13.118999999999991,0.04533333333332242,31.581666666666667,55.524
sensitivity,noise100,low_yaw,60,uncertainty_trigger,6,3,3,3,3,0,0.3436666666666686,0.05366666666666712,0.6363333333333495,0.8780000000000427
sensitivity,margin_half,excited,20,always_probe,9,0,9,0,0,0,0.8460000000000005,0.8459999999999985,0.8460000000000024,0.8460000000000036
sensitivity,margin_half,excited,20,batch_aware,9,0,9,9,0,9,0.0,0.0,0.0,0.0
sensitivity,margin_half,excited,20,ignore_passive,9,0,9,0,0,0,0.8460000000000005,0.8459999999999985,0.8460000000000024,0.8460000000000036
sensitivity,margin_half,excited,20,passive,9,0,9,9,0,9,0.0,0.0,0.0,0.0
sensitivity,margin_half,excited,20,uncertainty_trigger,9,0,9,0,0,0,0.8460000000000005,0.8459999999999985,0.8460000000000024,0.8460000000000036
sensitivity,margin_half,excited,60,always_probe,9,0,9,0,0,0,0.8460000000000005,0.8459999999999958,0.8460000000000036,0.8460000000000036
sensitivity,margin_half,excited,60,batch_aware,9,0,9,9,0,9,0.0,0.0,0.0,0.0
sensitivity,margin_half,excited,60,ignore_passive,9,0,9,0,0,0,0.8460000000000005,0.8459999999999958,0.8460000000000036,0.8460000000000036
sensitivity,margin_half,excited,60,passive,9,0,9,9,0,9,0.0,0.0,0.0,0.0
sensitivity,margin_half,excited,60,uncertainty_trigger,9,0,9,0,0,0,0.8460000000000005,0.8459999999999958,0.8460000000000036,0.8460000000000036
sensitivity,margin_half,low_yaw,20,always_probe,9,0,9,0,0,0,0.8317777777777786,0.8200000000000007,0.843111111111112,0.8460000000000036
sensitivity,margin_half,low_yaw,20,batch_aware,9,0,9,9,0,9,0.0,0.0,0.0,0.0
sensitivity,margin_half,low_yaw,20,ignore_passive,9,0,9,0,0,0,0.8317777777777786,0.8200000000000007,0.843111111111112,0.8460000000000036
sensitivity,margin_half,low_yaw,20,passive,9,0,9,9,0,9,0.0,0.0,0.0,0.0
sensitivity,margin_half,low_yaw,20,uncertainty_trigger,9,0,9,0,0,0,0.8317777777777786,0.8200000000000007,0.843111111111112,0.8460000000000036
sensitivity,margin_half,low_yaw,60,always_probe,9,0,9,0,0,0,0.8317777777777766,0.819999999999998,0.8431111111111105,0.8460000000000036
sensitivity,margin_half,low_yaw,60,batch_aware,9,0,9,9,0,9,0.0,0.0,0.0,0.0
sensitivity,margin_half,low_yaw,60,ignore_passive,9,0,9,0,0,0,0.8317777777777766,0.819999999999998,0.8431111111111105,0.8460000000000036
sensitivity,margin_half,low_yaw,60,passive,9,0,9,9,0,9,0.0,0.0,0.0,0.0
sensitivity,margin_half,low_yaw,60,uncertainty_trigger,9,0,9,0,0,0,0.8317777777777766,0.819999999999998,0.8431111111111105,0.8460000000000036
sensitivity,margin2,excited,20,always_probe,9,0,9,0,0,0,0.6568888888888904,0.6453333333333333,0.6673333333333349,0.6720000000000041
sensitivity,margin2,excited,20,batch_aware,9,0,9,9,0,9,0.0,0.0,0.0,0.0
sensitivity,margin2,excited,20,ignore_passive,9,0,9,0,0,0,0.6568888888888904,0.6453333333333333,0.6673333333333349,0.6720000000000041
sensitivity,margin2,excited,20,passive,9,0,9,9,0,9,0.0,0.0,0.0,0.0
sensitivity,margin2,excited,20,uncertainty_trigger,9,0,9,0,0,0,0.6568888888888904,0.6453333333333333,0.6673333333333349,0.6720000000000041
sensitivity,margin2,excited,60,always_probe,9,0,9,0,0,0,0.656888888888888,0.645333333333331,0.6673333333333318,0.671999999999997
sensitivity,margin2,excited,60,batch_aware,9,0,9,9,0,9,0.0,0.0,0.0,0.0
sensitivity,margin2,excited,60,ignore_passive,9,0,9,0,0,0,0.656888888888888,0.645333333333331,0.6673333333333318,0.671999999999997
sensitivity,margin2,excited,60,passive,9,0,9,9,0,9,0.0,0.0,0.0,0.0
sensitivity,margin2,excited,60,uncertainty_trigger,9,0,9,0,0,0,0.656888888888888,0.645333333333331,0.6673333333333318,0.671999999999997
sensitivity,margin2,low_yaw,20,always_probe,9,4,5,4,4,0,0.08911111111111186,0.026222222222222688,0.1640499999999985,0.2839999999999989
sensitivity,margin2,low_yaw,20,batch_aware,9,4,5,5,0,5,0.03733333333333238,0.0088888888888887,0.0735555555555523,0.1419999999999959
sensitivity,margin2,low_yaw,20,ignore_passive,9,4,5,4,4,0,0.08911111111111186,0.026222222222222688,0.1640499999999985,0.2839999999999989
sensitivity,margin2,low_yaw,20,passive,9,4,5,5,0,5,0.03733333333333238,0.0088888888888887,0.0735555555555523,0.1419999999999959
sensitivity,margin2,low_yaw,20,uncertainty_trigger,9,4,5,4,4,0,0.08911111111111186,0.026222222222222688,0.1640499999999985,0.2839999999999989
sensitivity,margin2,low_yaw,60,always_probe,9,7,2,7,7,0,0.022666666666667525,0.0,0.053333333333335356,0.13800000000000523
sensitivity,margin2,low_yaw,60,batch_aware,9,7,2,2,0,2,0.5588888888889001,0.2635555555555682,0.8542388888888981,1.152000000000072
sensitivity,margin2,low_yaw,60,ignore_passive,9,7,2,7,7,0,0.022666666666667525,0.0,0.053333333333335356,0.13800000000000523
sensitivity,margin2,low_yaw,60,passive,9,7,2,2,0,2,0.5588888888889001,0.2635555555555682,0.8542388888888981,1.152000000000072
sensitivity,margin2,low_yaw,60,uncertainty_trigger,9,7,2,7,7,0,0.022666666666667525,0.0,0.053333333333335356,0.13800000000000523
sensitivity,margin4,excited,20,always_probe,9,0,9,0,0,0,0.4493333333333322,0.4408888888888869,0.4582222222222217,0.4720000000000013
sensitivity,margin4,excited,20,batch_aware,9,0,9,9,0,9,0.0,0.0,0.0,0.0
sensitivity,margin4,excited,20,ignore_passive,9,0,9,0,0,0,0.4493333333333322,0.4408888888888869,0.4582222222222217,0.4720000000000013
sensitivity,margin4,excited,20,passive,9,0,9,9,0,9,0.0,0.0,0.0,0.0
sensitivity,margin4,excited,20,uncertainty_trigger,9,0,9,0,0,0,0.4493333333333322,0.4408888888888869,0.4582222222222217,0.4720000000000013
sensitivity,margin4,excited,60,always_probe,9,0,9,0,0,0,0.3957777777777791,0.3793333333333319,0.4131111111111084,0.4440000000000026
sensitivity,margin4,excited,60,batch_aware,9,0,9,9,0,9,0.0,0.0,0.0,0.0
sensitivity,margin4,excited,60,ignore_passive,9,0,9,0,0,0,0.3957777777777791,0.3793333333333319,0.4131111111111084,0.4440000000000026
sensitivity,margin4,excited,60,passive,9,0,9,9,0,9,0.0,0.0,0.0,0.0
sensitivity,margin4,excited,60,uncertainty_trigger,9,0,9,0,0,0,0.3957777777777791,0.3793333333333319,0.4131111111111084,0.4440000000000026
sensitivity,margin4,low_yaw,20,always_probe,9,9,0,9,9,0,0.0,0.0,0.0,0.0
sensitivity,margin4,low_yaw,20,batch_aware,9,9,0,9,9,0,0.0,0.0,0.0,0.0
sensitivity,margin4,low_yaw,20,ignore_passive,9,9,0,9,9,0,0.0,0.0,0.0,0.0
sensitivity,margin4,low_yaw,20,passive,9,9,0,0,0,0,1.12688888888889,0.9593333333333326,1.3442222222222253,1.886000000000017
sensitivity,margin4,low_yaw,20,uncertainty_trigger,9,9,0,9,9,0,0.0,0.0,0.0,0.0
sensitivity,margin4,low_yaw,60,always_probe,9,9,0,9,9,0,0.0,0.0,0.0,0.0
sensitivity,margin4,low_yaw,60,batch_aware,9,9,0,9,9,0,0.0,0.0,0.0,0.0
sensitivity,margin4,low_yaw,60,ignore_passive,9,9,0,9,9,0,0.0,0.0,0.0,0.0
sensitivity,margin4,low_yaw,60,passive,9,9,0,0,0,0,2.5868888888889137,2.323999999999995,3.0151111111111644,4.198000000000107
sensitivity,margin4,low_yaw,60,uncertainty_trigger,9,9,0,9,9,0,0.0,0.0,0.0,0.0
sensitivity,inflation4,excited,20,always_probe,9,0,9,0,0,0,0.7959999999999998,0.7959999999999994,0.7960000000000006,0.7960000000000029
sensitivity,inflation4,excited,20,batch_aware,9,0,9,9,0,9,0.0,0.0,0.0,0.0
sensitivity,inflation4,excited,20,ignore_passive,9,0,9,0,0,0,0.7959999999999998,0.7959999999999994,0.7960000000000006,0.7960000000000029
sensitivity,inflation4,excited,20,passive,9,0,9,9,0,9,0.0,0.0,0.0,0.0
sensitivity,inflation4,excited,20,uncertainty_trigger,9,0,9,0,0,0,0.7959999999999998,0.7959999999999994,0.7960000000000006,0.7960000000000029
sensitivity,inflation4,excited,60,always_probe,9,0,9,0,0,0,0.7959999999999954,0.7959999999999923,0.7960000000000002,0.7960000000000065
sensitivity,inflation4,excited,60,batch_aware,9,0,9,9,0,9,0.0,0.0,0.0,0.0
sensitivity,inflation4,excited,60,ignore_passive,9,0,9,0,0,0,0.7959999999999954,0.7959999999999923,0.7960000000000002,0.7960000000000065
sensitivity,inflation4,excited,60,passive,9,0,9,9,0,9,0.0,0.0,0.0,0.0
sensitivity,inflation4,excited,60,uncertainty_trigger,9,0,9,0,0,0,0.7959999999999954,0.7959999999999923,0.7960000000000002,0.7960000000000065
sensitivity,inflation4,low_yaw,20,always_probe,9,0,9,0,0,0,0.694222222222222,0.6426666666666674,0.7304444444444442,0.7479999999999976
sensitivity,inflation4,low_yaw,20,batch_aware,9,0,9,9,0,9,0.0,0.0,0.0,0.0
sensitivity,inflation4,low_yaw,20,ignore_passive,9,0,9,0,0,0,0.694222222222222,0.6426666666666674,0.7304444444444442,0.7479999999999976
sensitivity,inflation4,low_yaw,20,passive,9,0,9,9,0,9,0.0,0.0,0.0,0.0
sensitivity,inflation4,low_yaw,20,uncertainty_trigger,9,0,9,0,0,0,0.694222222222222,0.6426666666666674,0.7304444444444442,0.7479999999999976
sensitivity,inflation4,low_yaw,60,always_probe,9,0,9,0,0,0,0.6942222222222227,0.6426666666666657,0.7304444444444473,0.7480000000000047
sensitivity,inflation4,low_yaw,60,batch_aware,9,0,9,9,0,9,0.0,0.0,0.0,0.0
sensitivity,inflation4,low_yaw,60,ignore_passive,9,0,9,0,0,0,0.6942222222222227,0.6426666666666657,0.7304444444444473,0.7480000000000047
sensitivity,inflation4,low_yaw,60,passive,9,0,9,9,0,9,0.0,0.0,0.0,0.0
sensitivity,inflation4,low_yaw,60,uncertainty_trigger,9,0,9,0,0,0,0.6942222222222227,0.6426666666666657,0.7304444444444473,0.7480000000000047
sensitivity,inflation64,excited,20,always_probe,9,0,9,0,0,0,0.784666666666666,0.7762222222222204,0.7931111111111113,0.7960000000000029
sensitivity,inflation64,excited,20,batch_aware,9,0,9,9,0,9,0.0,0.0,0.0,0.0
sensitivity,inflation64,excited,20,ignore_passive,9,0,9,0,0,0,0.784666666666666,0.7762222222222204,0.7931111111111113,0.7960000000000029
sensitivity,inflation64,excited,20,passive,9,0,9,9,0,9,0.0,0.0,0.0,0.0
sensitivity,inflation64,excited,20,uncertainty_trigger,9,0,9,0,0,0,0.784666666666666,0.7762222222222204,0.7931111111111113,0.7960000000000029
sensitivity,inflation64,excited,60,always_probe,9,0,9,0,0,0,0.7846666666666633,0.7762222222222164,0.7931111111111101,0.7960000000000065
sensitivity,inflation64,excited,60,batch_aware,9,0,9,9,0,9,0.0,0.0,0.0,0.0
sensitivity,inflation64,excited,60,ignore_passive,9,0,9,0,0,0,0.7846666666666633,0.7762222222222164,0.7931111111111101,0.7960000000000065
sensitivity,inflation64,excited,60,passive,9,0,9,9,0,9,0.0,0.0,0.0,0.0
sensitivity,inflation64,excited,60,uncertainty_trigger,9,0,9,0,0,0,0.7846666666666633,0.7762222222222164,0.7931111111111101,0.7960000000000065
sensitivity,inflation64,low_yaw,20,always_probe,9,0,9,0,0,0,0.25466666666666604,0.20377777777778042,0.3211111111111112,0.4819999999999993
sensitivity,inflation64,low_yaw,20,batch_aware,9,0,9,9,0,9,0.0,0.0,0.0,0.0
sensitivity,inflation64,low_yaw,20,ignore_passive,9,0,9,0,0,0,0.25466666666666604,0.20377777777778042,0.3211111111111112,0.4819999999999993
sensitivity,inflation64,low_yaw,20,passive,9,0,9,9,0,9,0.0,0.0,0.0,0.0
sensitivity,inflation64,low_yaw,20,uncertainty_trigger,9,0,9,0,0,0,0.25466666666666604,0.20377777777778042,0.3211111111111112,0.4819999999999993
sensitivity,inflation64,low_yaw,60,always_probe,9,9,0,9,9,0,0.0,0.0,0.0,0.0
sensitivity,inflation64,low_yaw,60,batch_aware,9,9,0,9,9,0,0.0,0.0,0.0,0.0
sensitivity,inflation64,low_yaw,60,ignore_passive,9,9,0,9,9,0,0.0,0.0,0.0,0.0
sensitivity,inflation64,low_yaw,60,passive,9,9,0,0,0,0,0.47000000000000836,0.2582222222222299,0.682000000000029,0.8840000000000714
sensitivity,inflation64,low_yaw,60,uncertainty_trigger,9,9,0,9,9,0,0.0,0.0,0.0,0.0
sensitivity,probe_fast,excited,20,always_probe,9,0,9,0,0,0,93.20377777777777,37.678222222222225,148.72933333333333,168.506
sensitivity,probe_fast,excited,20,batch_aware,9,0,9,9,0,9,0.0,0.0,0.0,0.0
sensitivity,probe_fast,excited,20,ignore_passive,9,0,9,0,0,0,93.20377777777777,37.678222222222225,148.72933333333333,168.506
sensitivity,probe_fast,excited,20,passive,9,0,9,9,0,9,0.0,0.0,0.0,0.0
sensitivity,probe_fast,excited,20,uncertainty_trigger,9,0,9,0,0,0,93.20377777777777,37.678222222222225,148.72933333333333,168.506
sensitivity,probe_fast,excited,60,always_probe,9,0,9,0,0,0,278.69711111111116,111.9537777777778,445.4404444444445,504.826
sensitivity,probe_fast,excited,60,batch_aware,9,0,9,9,0,9,0.0,0.0,0.0,0.0
sensitivity,probe_fast,excited,60,ignore_passive,9,0,9,0,0,0,278.69711111111116,111.9537777777778,445.4404444444445,504.826
sensitivity,probe_fast,excited,60,passive,9,0,9,9,0,9,0.0,0.0,0.0,0.0
sensitivity,probe_fast,excited,60,uncertainty_trigger,9,0,9,0,0,0,278.69711111111116,111.9537777777778,445.4404444444445,504.826
sensitivity,probe_fast,low_yaw,20,always_probe,9,0,9,0,0,0,92.83222222222223,37.21487777777778,148.43977777777778,168.298
sensitivity,probe_fast,low_yaw,20,batch_aware,9,0,9,9,0,9,0.0,0.0,0.0,0.0
sensitivity,probe_fast,low_yaw,20,ignore_passive,9,0,9,0,0,0,92.83222222222223,37.21487777777778,148.43977777777778,168.298
sensitivity,probe_fast,low_yaw,20,passive,9,0,9,9,0,9,0.0,0.0,0.0,0.0
sensitivity,probe_fast,low_yaw,20,uncertainty_trigger,9,0,9,0,0,0,92.83222222222223,37.21487777777778,148.43977777777778,168.298
sensitivity,probe_fast,low_yaw,60,always_probe,9,1,8,1,1,0,278.3115555555556,111.4653166666667,445.14466666666675,504.618
sensitivity,probe_fast,low_yaw,60,batch_aware,9,1,8,8,0,8,0.06888888888888782,0.0,0.20666666666666345,0.6199999999999903
sensitivity,probe_fast,low_yaw,60,ignore_passive,9,1,8,1,1,0,278.3115555555556,111.4653166666667,445.14466666666675,504.618
sensitivity,probe_fast,low_yaw,60,passive,9,1,8,8,0,8,0.06888888888888782,0.0,0.20666666666666345,0.6199999999999903
sensitivity,probe_fast,low_yaw,60,uncertainty_trigger,9,1,8,1,1,0,278.3115555555556,111.4653166666667,445.14466666666675,504.618
sensitivity,probe_slow,excited,20,always_probe,9,0,9,0,0,0,1.1988888888888907,1.1960000000000004,1.2046666666666692,1.2220000000000013
sensitivity,probe_slow,excited,20,batch_aware,9,0,9,9,0,9,0.0,0.0,0.0,0.0
sensitivity,probe_slow,excited,20,ignore_passive,9,0,9,0,0,0,1.1988888888888907,1.1960000000000004,1.2046666666666692,1.2220000000000013
sensitivity,probe_slow,excited,20,passive,9,0,9,9,0,9,0.0,0.0,0.0,0.0
sensitivity,probe_slow,excited,20,uncertainty_trigger,9,0,9,0,0,0,1.1988888888888907,1.1960000000000004,1.2046666666666692,1.2220000000000013
sensitivity,probe_slow,excited,60,always_probe,9,0,9,0,0,0,1.198888888888888,1.195999999999998,1.204666666666665,1.2219999999999942
sensitivity,probe_slow,excited,60,batch_aware,9,0,9,9,0,9,0.0,0.0,0.0,0.0
sensitivity,probe_slow,excited,60,ignore_passive,9,0,9,0,0,0,1.198888888888888,1.195999999999998,1.204666666666665,1.2219999999999942
sensitivity,probe_slow,excited,60,passive,9,0,9,9,0,9,0.0,0.0,0.0,0.0
sensitivity,probe_slow,excited,60,uncertainty_trigger,9,0,9,0,0,0,1.198888888888888,1.195999999999998,1.204666666666665,1.2219999999999942
sensitivity,probe_slow,low_yaw,20,always_probe,9,0,9,0,0,0,0.8302222222222232,0.7502166666666662,0.9140000000000023,1.0039999999999978
sensitivity,probe_slow,low_yaw,20,batch_aware,9,0,9,9,0,9,0.0,0.0,0.0,0.0
sensitivity,probe_slow,low_yaw,20,ignore_passive,9,0,9,0,0,0,0.8302222222222232,0.7502166666666662,0.9140000000000023,1.0039999999999978
sensitivity,probe_slow,low_yaw,20,passive,9,0,9,9,0,9,0.0,0.0,0.0,0.0
sensitivity,probe_slow,low_yaw,20,uncertainty_trigger,9,0,9,0,0,0,0.8302222222222232,0.7502166666666662,0.9140000000000023,1.0039999999999978
sensitivity,probe_slow,low_yaw,60,always_probe,9,0,9,0,0,0,0.7473333333333348,0.5406666666666728,0.906222222222223,1.0040000000000049
sensitivity,probe_slow,low_yaw,60,batch_aware,9,0,9,9,0,9,0.0,0.0,0.0,0.0
sensitivity,probe_slow,low_yaw,60,ignore_passive,9,0,9,0,0,0,0.7473333333333348,0.5406666666666728,0.906222222222223,1.0040000000000049
sensitivity,probe_slow,low_yaw,60,passive,9,0,9,9,0,9,0.0,0.0,0.0,0.0
sensitivity,probe_slow,low_yaw,60,uncertainty_trigger,9,0,9,0,0,0,0.7473333333333348,0.5406666666666728,0.906222222222223,1.0040000000000049
sensitivity,allowance07,excited,20,always_probe,9,0,9,0,0,0,0.7959999999999998,0.7959999999999994,0.7960000000000006,0.7960000000000029
sensitivity,allowance07,excited,20,batch_aware,9,0,9,9,0,9,0.0,0.0,0.0,0.0
sensitivity,allowance07,excited,20,ignore_passive,9,0,9,0,0,0,0.7959999999999998,0.7959999999999994,0.7960000000000006,0.7960000000000029
sensitivity,allowance07,excited,20,passive,9,0,9,9,0,9,0.0,0.0,0.0,0.0
sensitivity,allowance07,excited,20,uncertainty_trigger,9,0,9,0,0,0,0.7959999999999998,0.7959999999999994,0.7960000000000006,0.7960000000000029
sensitivity,allowance07,excited,60,always_probe,9,0,9,0,0,0,0.7959999999999954,0.7959999999999923,0.7960000000000002,0.7960000000000065
sensitivity,allowance07,excited,60,batch_aware,9,0,9,9,0,9,0.0,0.0,0.0,0.0
sensitivity,allowance07,excited,60,ignore_passive,9,0,9,0,0,0,0.7959999999999954,0.7959999999999923,0.7960000000000002,0.7960000000000065
sensitivity,allowance07,excited,60,passive,9,0,9,9,0,9,0.0,0.0,0.0,0.0
sensitivity,allowance07,excited,60,uncertainty_trigger,9,0,9,0,0,0,0.7959999999999954,0.7959999999999923,0.7960000000000002,0.7960000000000065
sensitivity,allowance07,low_yaw,20,always_probe,9,0,9,0,0,0,0.4244444444444429,0.3377777777777792,0.5124444444444407,0.6039999999999992
sensitivity,allowance07,low_yaw,20,batch_aware,9,0,9,9,0,9,0.0,0.0,0.0,0.0
sensitivity,allowance07,low_yaw,20,ignore_passive,9,0,9,0,0,0,0.4244444444444429,0.3377777777777792,0.5124444444444407,0.6039999999999992
sensitivity,allowance07,low_yaw,20,passive,9,0,9,9,0,9,0.0,0.0,0.0,0.0
sensitivity,allowance07,low_yaw,20,uncertainty_trigger,9,0,9,0,0,0,0.4244444444444429,0.3377777777777792,0.5124444444444407,0.6039999999999992
sensitivity,allowance07,low_yaw,60,always_probe,9,1,8,1,1,0,0.388222222222219,0.25799444444444475,0.506455555555553,0.6039999999999992
sensitivity,allowance07,low_yaw,60,batch_aware,9,1,8,8,0,8,0.046666666666665274,0.0,0.13999999999999582,0.4199999999999875
sensitivity,allowance07,low_yaw,60,ignore_passive,9,1,8,1,1,0,0.388222222222219,0.25799444444444475,0.506455555555553,0.6039999999999992
sensitivity,allowance07,low_yaw,60,passive,9,1,8,8,0,8,0.046666666666665274,0.0,0.13999999999999582,0.4199999999999875
sensitivity,allowance07,low_yaw,60,uncertainty_trigger,9,1,8,1,1,0,0.388222222222219,0.25799444444444475,0.506455555555553,0.6039999999999992
sensitivity,allowance11,excited,20,always_probe,9,0,9,0,0,0,0.7959999999999998,0.7959999999999994,0.7960000000000006,0.7960000000000029
sensitivity,allowance11,excited,20,batch_aware,9,0,9,9,0,9,0.0,0.0,0.0,0.0
sensitivity,allowance11,excited,20,ignore_passive,9,0,9,0,0,0,0.7959999999999998,0.7959999999999994,0.7960000000000006,0.7960000000000029
sensitivity,allowance11,excited,20,passive,9,0,9,9,0,9,0.0,0.0,0.0,0.0
sensitivity,allowance11,excited,20,uncertainty_trigger,9,0,9,0,0,0,0.7959999999999998,0.7959999999999994,0.7960000000000006,0.7960000000000029
sensitivity,allowance11,excited,60,always_probe,9,0,9,0,0,0,0.7959999999999954,0.7959999999999923,0.7960000000000002,0.7960000000000065
sensitivity,allowance11,excited,60,batch_aware,9,0,9,9,0,9,0.0,0.0,0.0,0.0
sensitivity,allowance11,excited,60,ignore_passive,9,0,9,0,0,0,0.7959999999999954,0.7959999999999923,0.7960000000000002,0.7960000000000065
sensitivity,allowance11,excited,60,passive,9,0,9,9,0,9,0.0,0.0,0.0,0.0
sensitivity,allowance11,excited,60,uncertainty_trigger,9,0,9,0,0,0,0.7959999999999954,0.7959999999999923,0.7960000000000002,0.7960000000000065
sensitivity,allowance11,low_yaw,20,always_probe,9,0,9,0,0,0,0.4244444444444429,0.3377777777777792,0.5124444444444407,0.6039999999999992
sensitivity,allowance11,low_yaw,20,batch_aware,9,0,9,9,0,9,0.0,0.0,0.0,0.0
sensitivity,allowance11,low_yaw,20,ignore_passive,9,0,9,0,0,0,0.4244444444444429,0.3377777777777792,0.5124444444444407,0.6039999999999992
sensitivity,allowance11,low_yaw,20,passive,9,0,9,9,0,9,0.0,0.0,0.0,0.0
sensitivity,allowance11,low_yaw,20,uncertainty_trigger,9,0,9,0,0,0,0.4244444444444429,0.3377777777777792,0.5124444444444407,0.6039999999999992
sensitivity,allowance11,low_yaw,60,always_probe,9,1,8,1,1,0,0.388222222222219,0.25799444444444475,0.506455555555553,0.6039999999999992
sensitivity,allowance11,low_yaw,60,batch_aware,9,1,8,8,0,8,0.046666666666665274,0.0,0.13999999999999582,0.4199999999999875
sensitivity,allowance11,low_yaw,60,ignore_passive,9,1,8,1,1,0,0.388222222222219,0.25799444444444475,0.506455555555553,0.6039999999999992
sensitivity,allowance11,low_yaw,60,passive,9,1,8,8,0,8,0.046666666666665274,0.0,0.13999999999999582,0.4199999999999875
sensitivity,allowance11,low_yaw,60,uncertainty_trigger,9,1,8,1,1,0,0.388222222222219,0.25799444444444475,0.506455555555553,0.6039999999999992
mismatch,friction075,excited,20,always_probe,27,0,27,0,0,0,0.7959999999999993,0.7959999999999986,0.7959999999999998,0.7960000000000029
mismatch,friction075,excited,20,batch_aware,27,0,27,27,0,27,0.0,0.0,0.0,0.0
mismatch,friction075,excited,20,ignore_passive,27,0,27,0,0,0,0.7959999999999993,0.7959999999999986,0.7959999999999998,0.7960000000000029
mismatch,friction075,excited,20,passive,27,0,27,27,0,27,0.0,0.0,0.0,0.0
mismatch,friction075,excited,20,uncertainty_trigger,27,0,27,0,0,0,0.7959999999999993,0.7959999999999986,0.7959999999999998,0.7960000000000029
mismatch,friction075,low_yaw,20,always_probe,27,0,27,0,0,0,0.4176296296296279,0.3693314814814783,0.4661499999999994,0.6039999999999992
mismatch,friction075,low_yaw,20,batch_aware,27,0,27,27,0,27,0.0,0.0,0.0,0.0
mismatch,friction075,low_yaw,20,ignore_passive,27,0,27,0,0,0,0.4176296296296279,0.3693314814814783,0.4661499999999994,0.6039999999999992
mismatch,friction075,low_yaw,20,passive,27,0,27,27,0,27,0.0,0.0,0.0,0.0
mismatch,friction075,low_yaw,20,uncertainty_trigger,27,0,27,0,0,0,0.4176296296296279,0.3693314814814783,0.4661499999999994,0.6039999999999992
mismatch,friction125,excited,20,always_probe,27,0,27,0,0,0,0.7959999999999993,0.7959999999999986,0.7959999999999998,0.7960000000000029
mismatch,friction125,excited,20,batch_aware,27,0,27,27,0,27,0.0,0.0,0.0,0.0
mismatch,friction125,excited,20,ignore_passive,27,0,27,0,0,0,0.7959999999999993,0.7959999999999986,0.7959999999999998,0.7960000000000029
mismatch,friction125,excited,20,passive,27,0,27,27,0,27,0.0,0.0,0.0,0.0
mismatch,friction125,excited,20,uncertainty_trigger,27,0,27,0,0,0,0.7959999999999993,0.7959999999999986,0.7959999999999998,0.7960000000000029
mismatch,friction125,low_yaw,20,always_probe,27,0,27,0,0,0,0.42318518518518394,0.3751092592592559,0.4719999999999982,0.6280000000000001
mismatch,friction125,low_yaw,20,batch_aware,27,0,27,27,0,27,0.0,0.0,0.0,0.0
mismatch,friction125,low_yaw,20,ignore_passive,27,0,27,0,0,0,0.42318518518518394,0.3751092592592559,0.4719999999999982,0.6280000000000001
mismatch,friction125,low_yaw,20,passive,27,0,27,27,0,27,0.0,0.0,0.0,0.0
mismatch,friction125,low_yaw,20,uncertainty_trigger,27,0,27,0,0,0,0.42318518518518394,0.3751092592592559,0.4719999999999982,0.6280000000000001
mismatch,asymmetric,excited,20,always_probe,27,0,27,0,0,0,0.7959999999999995,0.7959999999999994,0.7959999999999998,0.7960000000000029
mismatch,asymmetric,excited,20,batch_aware,27,0,27,27,0,27,0.0,0.0,0.0,0.0
mismatch,asymmetric,excited,20,ignore_passive,27,0,27,0,0,0,0.7959999999999995,0.7959999999999994,0.7959999999999998,0.7960000000000029
mismatch,asymmetric,excited,20,passive,27,0,27,27,0,27,0.0,0.0,0.0,0.0
mismatch,asymmetric,excited,20,uncertainty_trigger,27,0,27,0,0,0,0.7959999999999995,0.7959999999999994,0.7959999999999998,0.7960000000000029
mismatch,asymmetric,low_yaw,20,always_probe,27,0,27,0,0,0,0.42133333333333217,0.3731111111111105,0.4696314814814811,0.6039999999999992
mismatch,asymmetric,low_yaw,20,batch_aware,27,0,27,27,0,27,0.0,0.0,0.0,0.0
mismatch,asymmetric,low_yaw,20,ignore_passive,27,0,27,0,0,0,0.42133333333333217,0.3731111111111105,0.4696314814814811,0.6039999999999992
mismatch,asymmetric,low_yaw,20,passive,27,0,27,27,0,27,0.0,0.0,0.0,0.0
mismatch,asymmetric,low_yaw,20,uncertainty_trigger,27,0,27,0,0,0,0.42133333333333217,0.3731111111111105,0.4696314814814811,0.6039999999999992
mismatch,physical_payload,excited,20,always_probe,27,0,27,0,0,0,0.7959999999999993,0.7959999999999986,0.7959999999999998,0.7960000000000029
mismatch,physical_payload,excited,20,batch_aware,27,0,27,27,0,27,0.0,0.0,0.0,0.0
mismatch,physical_payload,excited,20,ignore_passive,27,0,27,0,0,0,0.7959999999999993,0.7959999999999986,0.7959999999999998,0.7960000000000029
mismatch,physical_payload,excited,20,passive,27,0,27,27,0,27,0.0,0.0,0.0,0.0
mismatch,physical_payload,excited,20,uncertainty_trigger,27,0,27,0,0,0,0.7959999999999993,0.7959999999999986,0.7959999999999998,0.7960000000000029
mismatch,physical_payload,low_yaw,20,always_probe,27,0,27,0,0,0,0.3061481481481465,0.2759240740740713,0.3421481481481466,0.5619999999999976
mismatch,physical_payload,low_yaw,20,batch_aware,27,0,27,27,0,27,0.0,0.0,0.0,0.0
mismatch,physical_payload,low_yaw,20,ignore_passive,27,0,27,0,0,0,0.3061481481481465,0.2759240740740713,0.3421481481481466,0.5619999999999976
mismatch,physical_payload,low_yaw,20,passive,27,0,27,27,0,27,0.0,0.0,0.0,0.0
mismatch,physical_payload,low_yaw,20,uncertainty_trigger,27,0,27,0,0,0,0.3061481481481465,0.2759240740740713,0.3421481481481466,0.5619999999999976
break_even,noise10,low_yaw,5,always_probe,9,0,9,0,0,0,0.5964444444444443,0.5853333333333334,0.6071111111111107,0.6199999999999992
break_even,noise10,low_yaw,5,batch_aware,9,0,9,9,0,9,0.0,0.0,0.0,0.0
break_even,noise10,low_yaw,5,ignore_passive,9,0,9,9,0,9,0.0,0.0,0.0,0.0
break_even,noise10,low_yaw,5,passive,9,0,9,9,0,9,0.0,0.0,0.0,0.0
break_even,noise10,low_yaw,5,uncertainty_trigger,9,0,9,0,0,0,0.5964444444444443,0.5853333333333334,0.6071111111111107,0.6199999999999992
break_even,noise10,low_yaw,10,always_probe,9,0,9,0,0,0,0.34911111111111304,0.3355555555555575,0.36311111111111355,0.3940000000000019
break_even,noise10,low_yaw,10,batch_aware,9,0,9,9,0,9,0.0,0.0,0.0,0.0
break_even,noise10,low_yaw,10,ignore_passive,9,0,9,6,0,6,0.11511111111111166,0.03555555555555559,0.23022222222222333,0.3940000000000019
break_even,noise10,low_yaw,10,passive,9,0,9,9,0,9,0.0,0.0,0.0,0.0
break_even,noise10,low_yaw,10,uncertainty_trigger,9,0,9,0,0,0,0.34911111111111304,0.3355555555555575,0.36311111111111355,0.3940000000000019
break_even,noise10,low_yaw,15,always_probe,9,0,9,0,0,0,0.14888888888888926,0.10955555555555914,0.18955555555555512,0.23999999999999488
break_even,noise10,low_yaw,15,batch_aware,9,0,9,9,0,9,0.0,0.0,0.0,0.0
break_even,noise10,low_yaw,15,ignore_passive,9,0,9,0,0,0,0.14888888888888926,0.10955555555555914,0.18955555555555512,0.23999999999999488
break_even,noise10,low_yaw,15,passive,9,0,9,9,0,9,0.0,0.0,0.0,0.0
break_even,noise10,low_yaw,15,uncertainty_trigger,9,0,9,0,0,0,0.14888888888888926,0.10955555555555914,0.18955555555555512,0.23999999999999488
break_even,noise10,low_yaw,25,always_probe,9,9,0,9,9,0,0.0,0.0,0.0,0.0
break_even,noise10,low_yaw,25,batch_aware,9,9,0,9,9,0,0.0,0.0,0.0,0.0
break_even,noise10,low_yaw,25,ignore_passive,9,9,0,9,9,0,0.0,0.0,0.0,0.0
break_even,noise10,low_yaw,25,passive,9,9,0,0,0,0,0.17866666666667186,0.08732777777778582,0.2744444444444522,0.40200000000000813
break_even,noise10,low_yaw,25,uncertainty_trigger,9,9,0,9,9,0,0.0,0.0,0.0,0.0
break_even,noise10,low_yaw,30,always_probe,9,9,0,9,9,0,0.0,0.0,0.0,0.0
break_even,noise10,low_yaw,30,batch_aware,9,9,0,9,9,0,0.0,0.0,0.0,0.0
break_even,noise10,low_yaw,30,ignore_passive,9,9,0,9,9,0,0.0,0.0,0.0,0.0
break_even,noise10,low_yaw,30,passive,9,9,0,0,0,0,0.3193333333333375,0.21488888888889332,0.4333388888888958,0.6300000000000097
break_even,noise10,low_yaw,30,uncertainty_trigger,9,9,0,9,9,0,0.0,0.0,0.0,0.0
