group,setting,family,N,common_success_n,probe_elapsed_mean_s,downstream_saved_mean_s,net_extra_mean_ci95_s_mean,net_extra_mean_ci95_s_ci95_low,net_extra_mean_ci95_s_ci95_high,probe_max_acceleration_ratio
extended,base,excited,1,27,0.8960000000000001,0.09999999999999988,0.7959999999999999,0.7959999999999999,0.7959999999999999,0.6277955344208574
extended,base,excited,5,27,0.8960000000000001,0.10000000000000087,0.7959999999999996,0.7959999999999995,0.796,0.6277955344208574
extended,base,excited,20,27,0.8960000000000001,0.10000000000000155,0.7959999999999993,0.7959999999999986,0.7959999999999998,0.6277955344208574
extended,base,excited,40,27,0.8960000000000001,0.10000000000000459,0.7959999999999963,0.7959999999999942,0.7959999999999984,0.6277955344208574
extended,base,excited,60,27,0.8960000000000001,0.1000000000000038,0.795999999999997,0.7959999999999944,0.7959999999999996,0.6277955344208574
extended,base,excited,100,27,0.8960000000000001,0.09999999999999011,0.7959999999999965,0.7959999999999933,0.7960000000000007,0.6277955344208574
extended,base,low_yaw,1,27,0.8960000000000001,0.09999999999999988,0.7959999999999999,0.7959999999999999,0.7959999999999999,0.6277955344208574
extended,base,low_yaw,5,27,0.8960000000000001,0.22229629629629694,0.6737037037037036,0.6645185185185183,0.682074074074074,0.6277955344208574
extended,base,low_yaw,20,27,0.8960000000000001,0.4765185185185211,0.4194814814814797,0.37199814814814824,0.4671870370370366,0.6277955344208574
extended,base,low_yaw,40,27,0.8960000000000001,0.5582962962963,0.3377037037037009,0.22754629629629136,0.4360740740740705,0.6277955344208574
extended,base,low_yaw,60,27,0.8960000000000001,0.5846666666666699,0.3113333333333309,0.17488703703703157,0.42874814814814566,0.6277955344208574
extended,base,low_yaw,100,27,0.8960000000000001,0.5846666666666605,0.3113333333333262,0.17488703703702363,0.4287481481481394,0.6277955344208574
sensitivity,noise10,excited,20,9,0.896,0.14155555555555643,0.7544444444444444,0.7377777777777754,0.7715555555555559,0.6963491701846656
sensitivity,noise10,excited,60,9,0.896,0.16422222222222319,0.7317777777777776,0.7200000000000052,0.7431111111111098,0.6963491701846656
sensitivity,noise10,low_yaw,20,9,0.896,0.9224444444444475,-0.02644444444444676,-0.09866666666666112,0.044888888888883,0.6963491701846656
sensitivity,noise10,low_yaw,60,9,0.896,1.9475555555556037,-1.0515555555556029,-1.1937777777778331,-0.9226555555555941,0.6963491701846656
sensitivity,noise100,excited,20,1,0.896,0.10199999999999676,0.794000000000004,0.794000000000004,0.794000000000004,1.050280816850563
sensitivity,noise100,excited,60,0,,,,,,1.050280816850563
sensitivity,noise100,low_yaw,20,1,0.896,0.5739999999999981,0.32200000000000273,0.32200000000000273,0.32200000000000273,1.050280816850563
sensitivity,noise100,low_yaw,60,0,,,,,,1.050280816850563
sensitivity,margin_half,excited,20,9,0.896,0.050000000000000315,0.8460000000000005,0.8459999999999985,0.8460000000000024,0.6277955344208574
sensitivity,margin_half,excited,60,9,0.896,0.050000000000000315,0.8460000000000005,0.8459999999999958,0.8460000000000036,0.6277955344208574
sensitivity,margin_half,low_yaw,20,9,0.896,0.06422222222222215,0.8317777777777786,0.8200000000000007,0.843111111111112,0.6277955344208574
sensitivity,margin_half,low_yaw,60,9,0.896,0.06422222222222412,0.8317777777777766,0.819999999999998,0.8431111111111105,0.6277955344208574
sensitivity,margin2,excited,20,9,0.896,0.23911111111111044,0.6568888888888904,0.6453333333333333,0.6673333333333349,0.6277955344208574
sensitivity,margin2,excited,60,9,0.896,0.2391111111111128,0.656888888888888,0.645333333333331,0.6673333333333318,0.6277955344208574
sensitivity,margin2,low_yaw,20,9,0.896,0.8442222222222213,0.05177777777777948,-0.03977777777777981,0.14799999999999933,0.6277955344208574
sensitivity,margin2,low_yaw,60,9,0.896,1.4322222222222334,-0.5362222222222326,-0.8484444444444614,-0.21732222222222933,0.6277955344208574
sensitivity,margin4,excited,20,9,0.896,0.4466666666666686,0.4493333333333322,0.4408888888888869,0.4582222222222217,0.6277955344208574
sensitivity,margin4,excited,60,9,0.896,0.5002222222222217,0.3957777777777791,0.3793333333333319,0.4131111111111084,0.6277955344208574
sensitivity,margin4,low_yaw,20,9,0.896,2.022888888888891,-1.12688888888889,-1.3442222222222253,-0.9593333333333326,0.6277955344208574
sensitivity,margin4,low_yaw,60,9,0.896,3.4828888888889145,-2.5868888888889137,-3.0151111111111644,-2.323999999999995,0.6277955344208574
sensitivity,inflation4,excited,20,9,0.896,0.10000000000000103,0.7959999999999998,0.7959999999999994,0.7960000000000006,0.6302833561300106
sensitivity,inflation4,excited,60,9,0.896,0.10000000000000536,0.7959999999999954,0.7959999999999923,0.7960000000000002,0.6302833561300106
sensitivity,inflation4,low_yaw,20,9,0.896,0.20177777777777883,0.694222222222222,0.6426666666666674,0.7304444444444442,0.6302833561300106
sensitivity,inflation4,low_yaw,60,9,0.896,0.20177777777777806,0.6942222222222227,0.6426666666666657,0.7304444444444473,0.6302833561300106
sensitivity,inflation64,excited,20,9,0.896,0.11133333333333478,0.784666666666666,0.7762222222222204,0.7931111111111113,0.6174684412593165
sensitivity,inflation64,excited,60,9,0.896,0.11133333333333756,0.7846666666666633,0.7762222222222164,0.7931111111111101,0.6174684412593165
sensitivity,inflation64,low_yaw,20,9,0.896,0.6413333333333348,0.25466666666666604,0.20377777777778042,0.3211111111111112,0.6174684412593165
sensitivity,inflation64,low_yaw,60,9,0.896,1.3660000000000092,-0.47000000000000836,-0.682000000000029,-0.2582222222222299,0.6174684412593165
sensitivity,probe_fast,excited,20,4,0.6960000000000001,0.09999999999999787,0.5960000000000019,0.5959999999999983,0.5960000000000036,1.2887928861207283
sensitivity,probe_fast,excited,60,4,0.6960000000000001,0.10000000000000497,0.595999999999993,0.5959999999999894,0.5960000000000001,1.2887928861207283
sensitivity,probe_fast,low_yaw,20,4,0.6960000000000001,0.6079999999999988,0.08800000000000097,0.05100000000000726,0.12200000000000344,1.2887928861207283
sensitivity,probe_fast,low_yaw,60,4,0.6960000000000001,0.7944999999999993,-0.09850000000000136,-0.44549999999999557,0.1039999999999921,1.2887928861207283
sensitivity,probe_slow,excited,20,9,1.296,0.09711111111110861,1.1988888888888907,1.1960000000000004,1.2046666666666692,0.25445099424076095
sensitivity,probe_slow,excited,60,9,1.296,0.09711111111111848,1.198888888888888,1.195999999999998,1.204666666666665,0.25445099424076095
sensitivity,probe_slow,low_yaw,20,9,1.296,0.46577777777777624,0.8302222222222232,0.7502166666666662,0.9140000000000023,0.25445099424076095
sensitivity,probe_slow,low_yaw,60,9,1.296,0.5486666666666716,0.7473333333333348,0.5406666666666728,0.906222222222223,0.25445099424076095
sensitivity,allowance07,excited,20,9,0.896,0.10000000000000103,0.7959999999999998,0.7959999999999994,0.7960000000000006,0.6277955344208574
sensitivity,allowance07,excited,60,9,0.896,0.10000000000000536,0.7959999999999954,0.7959999999999923,0.7960000000000002,0.6277955344208574
sensitivity,allowance07,low_yaw,20,9,0.896,0.4715555555555579,0.4244444444444429,0.3377777777777792,0.5124444444444407,0.6277955344208574
sensitivity,allowance07,low_yaw,60,9,0.896,0.5544444444444471,0.3415555555555538,0.12332777777777931,0.5062222222222174,0.6277955344208574
sensitivity,allowance11,excited,20,9,0.896,0.10000000000000103,0.7959999999999998,0.7959999999999994,0.7960000000000006,0.6277955344208574
sensitivity,allowance11,excited,60,9,0.896,0.10000000000000536,0.7959999999999954,0.7959999999999923,0.7960000000000002,0.6277955344208574
sensitivity,allowance11,low_yaw,20,9,0.896,0.4715555555555579,0.4244444444444429,0.3377777777777792,0.5124444444444407,0.6277955344208574
sensitivity,allowance11,low_yaw,60,9,0.896,0.5544444444444471,0.3415555555555538,0.12332777777777931,0.5062222222222174,0.6277955344208574
mismatch,friction075,excited,20,27,0.8960000000000001,0.10000000000000155,0.7959999999999993,0.7959999999999986,0.7959999999999998,0.6248069519266668
mismatch,friction075,low_yaw,20,27,0.8960000000000001,0.4783703703703729,0.4176296296296279,0.3693314814814783,0.4661499999999994,0.6248069519266668
mismatch,friction125,excited,20,27,0.8960000000000001,0.10000000000000155,0.7959999999999993,0.7959999999999986,0.7959999999999998,0.6314592770955455
mismatch,friction125,low_yaw,20,27,0.8960000000000001,0.47281481481481685,0.42318518518518394,0.3751092592592559,0.4719999999999982,0.6314592770955455
mismatch,asymmetric,excited,20,27,0.8960000000000001,0.1000000000000013,0.7959999999999995,0.7959999999999994,0.7959999999999998,0.6443189675674013
mismatch,asymmetric,low_yaw,20,27,0.8960000000000001,0.4746666666666686,0.42133333333333217,0.3731111111111105,0.4696314814814811,0.6443189675674013
mismatch,physical_payload,excited,20,27,0.8960000000000001,0.10000000000000155,0.7959999999999993,0.7959999999999986,0.7959999999999998,0.5810495112468745
mismatch,physical_payload,low_yaw,20,27,0.8960000000000001,0.5898518518518543,0.3061481481481465,0.2759240740740713,0.3421481481481466,0.5810495112468745
break_even,noise10,low_yaw,5,9,0.896,0.2995555555555565,0.5964444444444443,0.5853333333333334,0.6071111111111107,0.6963491701846656
break_even,noise10,low_yaw,10,9,0.896,0.5468888888888878,0.34911111111111304,0.3355555555555575,0.36311111111111355,0.6963491701846656
break_even,noise10,low_yaw,15,9,0.896,0.7471111111111115,0.14888888888888926,0.10955555555555914,0.18955555555555512,0.6963491701846656
break_even,noise10,low_yaw,25,9,0.896,1.0746666666666727,-0.17866666666667186,-0.2744444444444522,-0.0873277777777859,0.6963491701846656
break_even,noise10,low_yaw,30,9,0.896,1.2153333333333383,-0.3193333333333375,-0.43333888888889593,-0.21488888888889332,0.6963491701846656
