group,setting,family,N,common_success_n,passive_minus_known_payload_mean_ci95_s_mean,passive_minus_known_payload_mean_ci95_s_ci95_low,passive_minus_known_payload_mean_ci95_s_ci95_high,note
extended,base,excited,1,27,0.12207407407407413,0.11325925925925934,0.1312592592592593,"Empirical diagnostic gap, not a universal upper bound on achievable savings."
extended,base,excited,5,27,0.12207407407407372,0.11325925925925892,0.13125925925925894,"Empirical diagnostic gap, not a universal upper bound on achievable savings."
extended,base,excited,20,27,0.12207407407407524,0.11325925925926031,0.1312592592592606,"Empirical diagnostic gap, not a universal upper bound on achievable savings."
extended,base,excited,40,27,0.12207407407407353,0.11325925925925925,0.1312592592592581,"Empirical diagnostic gap, not a universal upper bound on achievable savings."
extended,base,excited,60,27,0.12207407407407642,0.11325925925926267,0.13125925925926124,"Empirical diagnostic gap, not a universal upper bound on achievable savings."
extended,base,excited,100,27,0.12207407407406537,0.11325925925925162,0.13125925925924914,"Empirical diagnostic gap, not a universal upper bound on achievable savings."
extended,base,low_yaw,1,27,0.12207407407407413,0.11325925925925934,0.1312592592592593,"Empirical diagnostic gap, not a universal upper bound on achievable savings."
extended,base,low_yaw,5,27,0.2443703703703698,0.23407407407407343,0.25496296296296245,"Empirical diagnostic gap, not a universal upper bound on achievable savings."
extended,base,low_yaw,20,27,0.4985925925925948,0.45244259259259223,0.544518518518519,"Empirical diagnostic gap, not a universal upper bound on achievable savings."
extended,base,low_yaw,40,27,0.5803703703703689,0.4839259259259239,0.688890740740741,"Empirical diagnostic gap, not a universal upper bound on achievable savings."
extended,base,low_yaw,60,27,0.6067407407407425,0.49036851851851837,0.7405259259259316,"Empirical diagnostic gap, not a universal upper bound on achievable savings."
extended,base,low_yaw,100,27,0.6067407407407357,0.4903685185185095,0.7405259259259257,"Empirical diagnostic gap, not a universal upper bound on achievable savings."
mismatch,friction075,excited,20,27,0.1221481481481494,0.11333333333333434,0.13133333333333527,"Empirical diagnostic gap, not a universal upper bound on achievable savings."
mismatch,friction075,low_yaw,20,27,0.5005185185185207,0.45355555555555693,0.5474833333333359,"Empirical diagnostic gap, not a universal upper bound on achievable savings."
mismatch,friction125,excited,20,27,0.12229629629629747,0.1134074074074085,0.13155555555555715,"Empirical diagnostic gap, not a universal upper bound on achievable savings."
mismatch,friction125,low_yaw,20,27,0.4951111111111128,0.44873703703703705,0.5417037037037068,"Empirical diagnostic gap, not a universal upper bound on achievable savings."
mismatch,asymmetric,excited,20,27,0.12185185185185274,0.11281481481481584,0.13140740740740853,"Empirical diagnostic gap, not a universal upper bound on achievable savings."
mismatch,asymmetric,low_yaw,20,27,0.4965185185185201,0.45014629629629915,0.5431851851851874,"Empirical diagnostic gap, not a universal upper bound on achievable savings."
mismatch,physical_payload,excited,20,27,0.12207407407407524,0.11325925925926031,0.1312592592592606,"Empirical diagnostic gap, not a universal upper bound on achievable savings."
mismatch,physical_payload,low_yaw,20,27,0.611925925925928,0.5749629629629639,0.6440000000000035,"Empirical diagnostic gap, not a universal upper bound on achievable savings."
