source,family,N,method,n,success,success_robot_mean_s,J_mean_s
batches,excited,1,always_probe,30,27,2.571851851851852,3.3302807257000286
batches,excited,1,batch_aware,30,27,1.7758518518518522,2.6139348331000147
batches,excited,1,fixed_nominal,30,27,1.9825925925925927,2.819465697399964
batches,excited,1,ignore_passive,30,27,1.7758518518518522,2.6139278273333506
batches,excited,1,oracle,30,30,1.6526666666666663,1.652736290400005
batches,excited,1,passive,30,27,1.7758518518518522,2.6138622398333085
batches,excited,5,always_probe,30,27,9.186962962962964,13.284124102266611
batches,excited,5,batch_aware,30,27,8.390962962962963,12.568051495833313
batches,excited,5,fixed_nominal,30,27,9.913407407407407,13.957452842966665
batches,excited,5,ignore_passive,30,27,8.390962962962963,12.567798387200032
batches,excited,5,oracle,30,30,8.263333333333334,8.263685904466675
batches,excited,5,passive,30,27,8.390962962962963,12.567717666866658
batches,excited,20,always_probe,30,27,33.99362962962962,50.61109690179989
batches,excited,20,batch_aware,30,27,33.197629629629624,49.89597879326655
batches,excited,20,fixed_nominal,30,27,39.6534074074074,55.72444339406664
batches,excited,20,ignore_passive,30,27,33.99362962962962,50.61119453756654
batches,excited,20,oracle,30,30,33.053333333333335,33.0548662351
batches,excited,20,passive,30,27,33.197629629629624,49.89469049000001
batches,low_yaw,1,always_probe,30,27,2.571851851851852,3.3302677692999794
batches,low_yaw,1,batch_aware,30,27,1.7758518518518522,2.6139431414999765
batches,low_yaw,1,fixed_nominal,30,27,1.978074074074074,2.815399293033313
batches,low_yaw,1,ignore_passive,30,27,1.7758518518518522,2.6139282438333495
batches,low_yaw,1,oracle,30,30,1.6526666666666663,1.6527422153000413
batches,low_yaw,1,passive,30,27,1.7758518518518522,2.6138714437333577
batches,low_yaw,5,always_probe,30,27,9.186962962962964,13.284118547733266
batches,low_yaw,5,batch_aware,30,27,8.513259259259259,12.678417405333278
batches,low_yaw,5,fixed_nominal,30,27,9.891037037037037,13.937354705466667
batches,low_yaw,5,ignore_passive,30,27,8.513259259259259,12.677873411366487
batches,low_yaw,5,oracle,30,30,8.263333333333334,8.26371138243321
batches,low_yaw,5,passive,30,27,8.513259259259259,12.677818059866668
batches,low_yaw,20,always_probe,30,27,33.99362962962962,50.61106207353329
batches,low_yaw,20,batch_aware,30,27,33.57414814814814,50.234792637566684
batches,low_yaw,20,fixed_nominal,30,27,39.56414814814814,55.64411515433349
batches,low_yaw,20,ignore_passive,30,27,33.99362962962962,50.61121703760004
batches,low_yaw,20,oracle,30,30,33.053333333333335,33.054711304133335
batches,low_yaw,20,passive,30,27,33.57414814814814,50.23354642943339
stress,excited,5,always_probe,10,10,9.2888,9.289187277399932
stress,excited,5,batch_aware,10,10,8.492799999999999,8.493573403199923
stress,excited,5,fixed_nominal,10,10,10.1152,10.115741279699996
stress,excited,5,ignore_passive,10,10,8.492799999999999,8.493280147900043
stress,excited,5,oracle,10,10,8.364,8.364431798900126
stress,excited,5,passive,10,10,8.492799999999999,8.493183770699954
stress,low_yaw,5,always_probe,10,10,9.2888,9.289144311900245
stress,low_yaw,5,batch_aware,10,10,8.606,8.606760713499881
stress,low_yaw,5,fixed_nominal,10,10,10.100800000000001,10.101151536900236
stress,low_yaw,5,ignore_passive,10,10,8.606,8.606449733700021
stress,low_yaw,5,oracle,10,10,8.364,8.364351150500115
stress,low_yaw,5,passive,10,10,8.606,8.606355638000133
development,excited,1,always_probe,5,5,2.5960000000000005,2.5960752085999244
development,excited,1,batch_aware,5,5,1.8,1.8001538290000099
development,excited,1,fixed_nominal,5,5,2.0556,2.0556937412000442
development,excited,1,ignore_passive,5,5,1.8,1.8001443465999956
development,excited,1,oracle,5,5,1.6623999999999999,1.6624819370000044
development,excited,1,passive,5,5,1.8,1.8000750863999884
development,excited,5,always_probe,5,5,9.2456,9.245983055599968
development,excited,5,batch_aware,5,5,8.4496,8.450383199399871
development,excited,5,fixed_nominal,5,5,10.2768,10.277177081200055
development,excited,5,ignore_passive,5,5,8.4496,8.45006858899998
development,excited,5,oracle,5,5,8.312000000000001,8.312372534200005
development,excited,5,passive,5,5,8.4496,8.449973974599962
development,low_yaw,1,always_probe,5,5,2.5960000000000005,2.5960779706000463
development,low_yaw,1,batch_aware,5,5,1.8,1.8001591611999401
development,low_yaw,1,fixed_nominal,5,5,2.0504000000000002,2.0505197518000027
development,low_yaw,1,ignore_passive,5,5,1.8,1.8001758464000204
development,low_yaw,1,oracle,5,5,1.6623999999999999,1.6624705528000252
development,low_yaw,1,passive,5,5,1.8,1.800072559199998
development,low_yaw,5,always_probe,5,5,9.2456,9.245978577799985
development,low_yaw,5,batch_aware,5,5,8.561599999999999,8.562322550800058
development,low_yaw,5,fixed_nominal,5,5,10.251999999999999,10.25238271820008
development,low_yaw,5,ignore_passive,5,5,8.561599999999999,8.562030445600067
development,low_yaw,5,oracle,5,5,8.312000000000001,8.312366483400035
development,low_yaw,5,passive,5,5,8.561599999999999,8.561959197800025
