group,setting,family,N,method,penalty_per_unfinished_item_s,mean_cost_s
extended,base,excited,1,always_probe,1,2.4302619054666916
extended,base,excited,1,always_probe,5,2.8302619054666915
extended,base,excited,1,always_probe,10,3.3302619054666915
extended,base,excited,1,always_probe,30,5.330261905466691
extended,base,excited,1,batch_aware,1,1.7139325992333179
extended,base,excited,1,batch_aware,5,2.1139325992333173
extended,base,excited,1,batch_aware,10,2.6139325992333173
extended,base,excited,1,batch_aware,30,4.613932599233317
extended,base,excited,1,ignore_passive,1,1.7139253882333387
extended,base,excited,1,ignore_passive,5,2.1139253882333384
extended,base,excited,1,ignore_passive,10,2.6139253882333384
extended,base,excited,1,ignore_passive,30,4.613925388233338
extended,base,excited,1,oracle,1,1.6527353641666294
extended,base,excited,1,oracle,5,1.6527353641666294
extended,base,excited,1,oracle,10,1.6527353641666294
extended,base,excited,1,oracle,30,1.6527353641666294
extended,base,excited,1,passive,1,1.7138632599999493
extended,base,excited,1,passive,5,2.1138632599999485
extended,base,excited,1,passive,10,2.6138632599999485
extended,base,excited,1,passive,30,4.613863259999948
extended,base,excited,1,uncertainty_trigger,1,2.4302679476666547
extended,base,excited,1,uncertainty_trigger,5,2.8302679476666546
extended,base,excited,1,uncertainty_trigger,10,3.3302679476666546
extended,base,excited,1,uncertainty_trigger,30,5.330267947666655
extended,base,excited,5,always_probe,1,8.784123206766616
extended,base,excited,5,always_probe,5,10.784123206766616
extended,base,excited,5,always_probe,10,13.284123206766616
extended,base,excited,5,always_probe,30,23.284123206766612
extended,base,excited,5,batch_aware,1,8.068033068566663
extended,base,excited,5,batch_aware,5,10.068033068566665
extended,base,excited,5,batch_aware,10,12.568033068566665
extended,base,excited,5,batch_aware,30,22.568033068566663
extended,base,excited,5,ignore_passive,1,8.067780043266668
extended,base,excited,5,ignore_passive,5,10.06778004326667
extended,base,excited,5,ignore_passive,10,12.56778004326667
extended,base,excited,5,ignore_passive,30,22.56778004326667
extended,base,excited,5,oracle,1,8.26367315396666
extended,base,excited,5,oracle,5,8.26367315396666
extended,base,excited,5,oracle,10,8.26367315396666
extended,base,excited,5,oracle,30,8.26367315396666
extended,base,excited,5,passive,1,8.067709049766604
extended,base,excited,5,passive,5,10.067709049766604
extended,base,excited,5,passive,10,12.567709049766604
extended,base,excited,5,passive,30,22.567709049766606
extended,base,excited,5,uncertainty_trigger,1,8.784115369066768
extended,base,excited,5,uncertainty_trigger,5,10.784115369066768
extended,base,excited,5,uncertainty_trigger,10,13.284115369066768
extended,base,excited,5,uncertainty_trigger,30,23.284115369066765
extended,base,excited,20,always_probe,1,32.61116818460014
extended,base,excited,20,always_probe,5,40.61116818460014
extended,base,excited,20,always_probe,10,50.61116818460014
extended,base,excited,20,always_probe,30,90.61116818460013
extended,base,excited,20,batch_aware,1,31.89599083693317
extended,base,excited,20,batch_aware,5,39.89599083693317
extended,base,excited,20,batch_aware,10,49.895990836933166
extended,base,excited,20,batch_aware,30,89.89599083693317
extended,base,excited,20,ignore_passive,1,32.6112129110334
extended,base,excited,20,ignore_passive,5,40.611212911033405
extended,base,excited,20,ignore_passive,10,50.61121291103339
extended,base,excited,20,ignore_passive,30,90.61121291103338
extended,base,excited,20,oracle,1,33.05484516906671
extended,base,excited,20,oracle,5,33.05484516906671
extended,base,excited,20,oracle,10,33.05484516906671
extended,base,excited,20,oracle,30,33.05484516906671
extended,base,excited,20,passive,1,31.89471592983334
extended,base,excited,20,passive,5,39.89471592983333
extended,base,excited,20,passive,10,49.89471592983333
extended,base,excited,20,passive,30,89.89471592983334
extended,base,excited,20,uncertainty_trigger,1,32.611085824766725
extended,base,excited,20,uncertainty_trigger,5,40.611085824766725
extended,base,excited,20,uncertainty_trigger,10,50.611085824766725
extended,base,excited,20,uncertainty_trigger,30,90.61108582476672
extended,base,excited,40,always_probe,1,64.38039198213369
extended,base,excited,40,always_probe,5,80.38039198213367
extended,base,excited,40,always_probe,10,100.38039198213367
extended,base,excited,40,always_probe,30,180.38039198213366
extended,base,excited,40,batch_aware,1,63.666505407633245
extended,base,excited,40,batch_aware,5,79.66650540763324
extended,base,excited,40,batch_aware,10,99.66650540763322
extended,base,excited,40,batch_aware,30,179.6665054076332
extended,base,excited,40,ignore_passive,1,64.38049682433324
extended,base,excited,40,ignore_passive,5,80.38049682433324
extended,base,excited,40,ignore_passive,10,100.38049682433324
extended,base,excited,40,ignore_passive,30,180.3804968243332
extended,base,excited,40,oracle,1,66.10950168590027
extended,base,excited,40,oracle,5,66.10950168590027
extended,base,excited,40,oracle,10,66.10950168590027
extended,base,excited,40,oracle,30,66.10950168590027
extended,base,excited,40,passive,1,63.66403653363323
extended,base,excited,40,passive,5,79.66403653363324
extended,base,excited,40,passive,10,99.66403653363324
extended,base,excited,40,passive,30,179.6640365336332
extended,base,excited,40,uncertainty_trigger,1,64.38044385380012
extended,base,excited,40,uncertainty_trigger,5,80.38044385380012
extended,base,excited,40,uncertainty_trigger,10,100.38044385380009
extended,base,excited,40,uncertainty_trigger,30,180.3804438538001
extended,base,excited,60,always_probe,1,96.1496197004999
extended,base,excited,60,always_probe,5,120.1496197004999
extended,base,excited,60,always_probe,10,150.14961970049987
extended,base,excited,60,always_probe,30,270.14961970049984
extended,base,excited,60,batch_aware,1,95.43705959386655
extended,base,excited,60,batch_aware,5,119.43705959386655
extended,base,excited,60,batch_aware,10,149.43705959386654
extended,base,excited,60,batch_aware,30,269.43705959386654
extended,base,excited,60,ignore_passive,1,96.14967729873342
extended,base,excited,60,ignore_passive,5,120.14967729873342
extended,base,excited,60,ignore_passive,10,150.14967729873342
extended,base,excited,60,ignore_passive,30,270.1496772987334
extended,base,excited,60,oracle,1,99.16425941199999
extended,base,excited,60,oracle,5,99.16425941199999
extended,base,excited,60,oracle,10,99.16425941199999
extended,base,excited,60,oracle,30,99.16425941199999
extended,base,excited,60,passive,1,95.4333128789999
extended,base,excited,60,passive,5,119.4333128789999
extended,base,excited,60,passive,10,149.4333128789999
extended,base,excited,60,passive,30,269.4333128789999
extended,base,excited,60,uncertainty_trigger,1,96.14965303503325
extended,base,excited,60,uncertainty_trigger,5,120.14965303503325
extended,base,excited,60,uncertainty_trigger,10,150.14965303503328
extended,base,excited,60,uncertainty_trigger,30,270.1496530350332
extended,base,excited,100,always_probe,1,159.6881571044332
extended,base,excited,100,always_probe,5,199.6881571044332
extended,base,excited,100,always_probe,10,249.6881571044332
extended,base,excited,100,always_probe,30,449.68815710443323
extended,base,excited,100,batch_aware,1,158.97807882360019
extended,base,excited,100,batch_aware,5,198.97807882360019
extended,base,excited,100,batch_aware,10,248.97807882360019
extended,base,excited,100,batch_aware,30,448.97807882360024
extended,base,excited,100,ignore_passive,1,159.6882249389001
extended,base,excited,100,ignore_passive,5,199.6882249389001
extended,base,excited,100,ignore_passive,10,249.6882249389001
extended,base,excited,100,ignore_passive,30,449.6882249389001
extended,base,excited,100,oracle,1,165.273773603233
extended,base,excited,100,oracle,5,165.273773603233
extended,base,excited,100,oracle,10,165.273773603233
extended,base,excited,100,oracle,30,165.273773603233
extended,base,excited,100,passive,1,158.97183073299993
extended,base,excited,100,passive,5,198.97183073299993
extended,base,excited,100,passive,10,248.97183073299993
extended,base,excited,100,passive,30,448.971830733
extended,base,excited,100,uncertainty_trigger,1,159.68816051176717
extended,base,excited,100,uncertainty_trigger,5,199.68816051176717
extended,base,excited,100,uncertainty_trigger,10,249.68816051176717
extended,base,excited,100,uncertainty_trigger,30,449.6881605117671
extended,base,low_yaw,1,always_probe,1,2.4302713004667584
extended,base,low_yaw,1,always_probe,5,2.8302713004667583
extended,base,low_yaw,1,always_probe,10,3.3302713004667583
extended,base,low_yaw,1,always_probe,30,5.330271300466759
extended,base,low_yaw,1,batch_aware,1,1.7139397774000307
extended,base,low_yaw,1,batch_aware,5,2.11393977740003
extended,base,low_yaw,1,batch_aware,10,2.61393977740003
extended,base,low_yaw,1,batch_aware,30,4.61393977740003
extended,base,low_yaw,1,ignore_passive,1,1.7139356358333098
extended,base,low_yaw,1,ignore_passive,5,2.1139356358333092
extended,base,low_yaw,1,ignore_passive,10,2.6139356358333092
extended,base,low_yaw,1,ignore_passive,30,4.613935635833309
extended,base,low_yaw,1,oracle,1,1.6527479891999843
extended,base,low_yaw,1,oracle,5,1.6527479891999843
extended,base,low_yaw,1,oracle,10,1.6527479891999843
extended,base,low_yaw,1,oracle,30,1.6527479891999843
extended,base,low_yaw,1,passive,1,1.7138656344666978
extended,base,low_yaw,1,passive,5,2.1138656344666975
extended,base,low_yaw,1,passive,10,2.6138656344666975
extended,base,low_yaw,1,passive,30,4.613865634466697
extended,base,low_yaw,1,uncertainty_trigger,1,2.4302647971334124
extended,base,low_yaw,1,uncertainty_trigger,5,2.8302647971334123
extended,base,low_yaw,1,uncertainty_trigger,10,3.3302647971334123
extended,base,low_yaw,1,uncertainty_trigger,30,5.330264797133412
extended,base,low_yaw,5,always_probe,1,8.784137782766537
extended,base,low_yaw,5,always_probe,5,10.784137782766537
extended,base,low_yaw,5,always_probe,10,13.284137782766537
extended,base,low_yaw,5,always_probe,30,23.284137782766535
extended,base,low_yaw,5,batch_aware,1,8.178161436733335
extended,base,low_yaw,5,batch_aware,5,10.178161436733337
extended,base,low_yaw,5,batch_aware,10,12.678161436733337
extended,base,low_yaw,5,batch_aware,30,22.67816143673333
extended,base,low_yaw,5,ignore_passive,1,8.177901285800012
extended,base,low_yaw,5,ignore_passive,5,10.177901285800012
extended,base,low_yaw,5,ignore_passive,10,12.677901285800012
extended,base,low_yaw,5,ignore_passive,30,22.677901285800008
extended,base,low_yaw,5,oracle,1,8.263688809333217
extended,base,low_yaw,5,oracle,5,8.263688809333217
extended,base,low_yaw,5,oracle,10,8.263688809333217
extended,base,low_yaw,5,oracle,30,8.263688809333217
extended,base,low_yaw,5,passive,1,8.177804386466548
extended,base,low_yaw,5,passive,5,10.17780438646655
extended,base,low_yaw,5,passive,10,12.67780438646655
extended,base,low_yaw,5,passive,30,22.677804386466544
extended,base,low_yaw,5,uncertainty_trigger,1,8.784133932333344
extended,base,low_yaw,5,uncertainty_trigger,5,10.784133932333344
extended,base,low_yaw,5,uncertainty_trigger,10,13.284133932333344
extended,base,low_yaw,5,uncertainty_trigger,30,23.284133932333344
extended,base,low_yaw,20,always_probe,1,32.61105973033308
extended,base,low_yaw,20,always_probe,5,40.611059730333075
extended,base,low_yaw,20,always_probe,10,50.611059730333075
extended,base,low_yaw,20,always_probe,30,90.61105973033308
extended,base,low_yaw,20,batch_aware,1,32.23481366289979
extended,base,low_yaw,20,batch_aware,5,40.23481366289979
extended,base,low_yaw,20,batch_aware,10,50.23481366289979
extended,base,low_yaw,20,batch_aware,30,90.2348136628998
extended,base,low_yaw,20,ignore_passive,1,32.61115846970008
extended,base,low_yaw,20,ignore_passive,5,40.61115846970007
extended,base,low_yaw,20,ignore_passive,10,50.61115846970007
extended,base,low_yaw,20,ignore_passive,30,90.61115846970006
extended,base,low_yaw,20,oracle,1,33.054767858366795
extended,base,low_yaw,20,oracle,5,33.054767858366795
extended,base,low_yaw,20,oracle,10,33.054767858366795
extended,base,low_yaw,20,oracle,30,33.054767858366795
extended,base,low_yaw,20,passive,1,32.23353019896686
extended,base,low_yaw,20,passive,5,40.23353019896686
extended,base,low_yaw,20,passive,10,50.23353019896686
extended,base,low_yaw,20,passive,30,90.23353019896687
extended,base,low_yaw,20,uncertainty_trigger,1,32.61107264860007
extended,base,low_yaw,20,uncertainty_trigger,5,40.611072648600064
extended,base,low_yaw,20,uncertainty_trigger,10,50.611072648600064
extended,base,low_yaw,20,uncertainty_trigger,30,90.61107264860006
extended,base,low_yaw,40,always_probe,1,64.38039908633284
extended,base,low_yaw,40,always_probe,5,80.38039908633284
extended,base,low_yaw,40,always_probe,10,100.38039908633286
extended,base,low_yaw,40,always_probe,30,180.38039908633286
extended,base,low_yaw,40,batch_aware,1,64.07895041203355
extended,base,low_yaw,40,batch_aware,5,80.07895041203354
extended,base,low_yaw,40,batch_aware,10,100.07895041203354
extended,base,low_yaw,40,batch_aware,30,180.07895041203355
extended,base,low_yaw,40,ignore_passive,1,64.3804030778
extended,base,low_yaw,40,ignore_passive,5,80.38040307780001
extended,base,low_yaw,40,ignore_passive,10,100.38040307780003
extended,base,low_yaw,40,ignore_passive,30,180.3804030778
extended,base,low_yaw,40,oracle,1,66.10952283446636
extended,base,low_yaw,40,oracle,5,66.10952283446636
extended,base,low_yaw,40,oracle,10,66.10952283446636
extended,base,low_yaw,40,oracle,30,66.10952283446636
extended,base,low_yaw,40,passive,1,64.07650864189979
extended,base,low_yaw,40,passive,5,80.07650864189979
extended,base,low_yaw,40,passive,10,100.07650864189979
extended,base,low_yaw,40,passive,30,180.07650864189978
extended,base,low_yaw,40,uncertainty_trigger,1,64.380345117667
extended,base,low_yaw,40,uncertainty_trigger,5,80.38034511766702
extended,base,low_yaw,40,uncertainty_trigger,10,100.38034511766703
extended,base,low_yaw,40,uncertainty_trigger,30,180.380345117667
extended,base,low_yaw,60,always_probe,1,96.14962796233294
extended,base,low_yaw,60,always_probe,5,120.14962796233294
extended,base,low_yaw,60,always_probe,10,150.14962796233297
extended,base,low_yaw,60,always_probe,30,270.1496279623329
extended,base,low_yaw,60,batch_aware,1,95.87340719150019
extended,base,low_yaw,60,batch_aware,5,119.87340719150019
extended,base,low_yaw,60,batch_aware,10,149.87340719150015
extended,base,low_yaw,60,batch_aware,30,269.8734071915001
extended,base,low_yaw,60,ignore_passive,1,96.1497240934667
extended,base,low_yaw,60,ignore_passive,5,120.1497240934667
extended,base,low_yaw,60,ignore_passive,10,150.1497240934667
extended,base,low_yaw,60,ignore_passive,30,270.14972409346666
extended,base,low_yaw,60,oracle,1,99.16420943633292
extended,base,low_yaw,60,oracle,5,99.16420943633292
extended,base,low_yaw,60,oracle,10,99.16420943633292
extended,base,low_yaw,60,oracle,30,99.16420943633292
extended,base,low_yaw,60,passive,1,95.86979373083366
extended,base,low_yaw,60,passive,5,119.86979373083366
extended,base,low_yaw,60,passive,10,149.86979373083366
extended,base,low_yaw,60,passive,30,269.86979373083363
extended,base,low_yaw,60,uncertainty_trigger,1,96.14969853993325
extended,base,low_yaw,60,uncertainty_trigger,5,120.14969853993325
extended,base,low_yaw,60,uncertainty_trigger,10,150.14969853993324
extended,base,low_yaw,60,uncertainty_trigger,30,270.1496985399332
extended,base,low_yaw,100,always_probe,1,159.68834300246758
extended,base,low_yaw,100,always_probe,5,199.68834300246758
extended,base,low_yaw,100,always_probe,10,249.68834300246758
extended,base,low_yaw,100,always_probe,30,449.6883430024675
extended,base,low_yaw,100,batch_aware,1,159.41429309950036
extended,base,low_yaw,100,batch_aware,5,199.41429309950036
extended,base,low_yaw,100,batch_aware,10,249.41429309950036
extended,base,low_yaw,100,batch_aware,30,449.4142930995004
extended,base,low_yaw,100,ignore_passive,1,159.68828594543402
extended,base,low_yaw,100,ignore_passive,5,199.68828594543402
extended,base,low_yaw,100,ignore_passive,10,249.68828594543402
extended,base,low_yaw,100,ignore_passive,30,449.6882859454341
extended,base,low_yaw,100,oracle,1,165.27381556259976
extended,base,low_yaw,100,oracle,5,165.27381556259976
extended,base,low_yaw,100,oracle,10,165.27381556259976
extended,base,low_yaw,100,oracle,30,165.27381556259976
extended,base,low_yaw,100,passive,1,159.4080956965
extended,base,low_yaw,100,passive,5,199.4080956965
extended,base,low_yaw,100,passive,10,249.4080956965
extended,base,low_yaw,100,passive,30,449.40809569649997
extended,base,low_yaw,100,uncertainty_trigger,1,159.68838917869957
extended,base,low_yaw,100,uncertainty_trigger,5,199.68838917869957
extended,base,low_yaw,100,uncertainty_trigger,10,249.68838917869957
extended,base,low_yaw,100,uncertainty_trigger,30,449.68838917869954
sensitivity,noise10,excited,20,always_probe,1,32.81522277009982
sensitivity,noise10,excited,20,always_probe,5,40.81522277009982
sensitivity,noise10,excited,20,always_probe,10,50.81522277009982
sensitivity,noise10,excited,20,always_probe,30,90.81522277009984
sensitivity,noise10,excited,20,batch_aware,1,32.13748264419993
sensitivity,noise10,excited,20,batch_aware,5,40.13748264419993
sensitivity,noise10,excited,20,batch_aware,10,50.13748264419992
sensitivity,noise10,excited,20,batch_aware,30,90.13748264419993
sensitivity,noise10,excited,20,ignore_passive,1,32.81530643219941
sensitivity,noise10,excited,20,ignore_passive,5,40.81530643219941
sensitivity,noise10,excited,20,ignore_passive,10,50.81530643219941
sensitivity,noise10,excited,20,ignore_passive,30,90.81530643219942
sensitivity,noise10,excited,20,passive,1,32.136241737799914
sensitivity,noise10,excited,20,passive,5,40.136241737799914
sensitivity,noise10,excited,20,passive,10,50.13624173779991
sensitivity,noise10,excited,20,passive,30,90.1362417377999
sensitivity,noise10,excited,20,uncertainty_trigger,1,32.815362878699815
sensitivity,noise10,excited,20,uncertainty_trigger,5,40.815362878699815
sensitivity,noise10,excited,20,uncertainty_trigger,10,50.815362878699815
sensitivity,noise10,excited,20,uncertainty_trigger,30,90.81536287869983
sensitivity,noise10,excited,60,always_probe,1,96.10022337129996
sensitivity,noise10,excited,60,always_probe,5,120.10022337129996
sensitivity,noise10,excited,60,always_probe,10,150.10022337129996
sensitivity,noise10,excited,60,always_probe,30,270.1002233712999
sensitivity,noise10,excited,60,batch_aware,1,95.44515515059996
sensitivity,noise10,excited,60,batch_aware,5,119.44515515059996
sensitivity,noise10,excited,60,batch_aware,10,149.44515515059996
sensitivity,noise10,excited,60,batch_aware,30,269.44515515059993
sensitivity,noise10,excited,60,ignore_passive,1,96.10019094770047
sensitivity,noise10,excited,60,ignore_passive,5,120.10019094770048
sensitivity,noise10,excited,60,ignore_passive,10,150.10019094770047
sensitivity,noise10,excited,60,ignore_passive,30,270.1001909477004
sensitivity,noise10,excited,60,passive,1,95.44154669909985
sensitivity,noise10,excited,60,passive,5,119.44154669909983
sensitivity,noise10,excited,60,passive,10,149.44154669909983
sensitivity,noise10,excited,60,passive,30,269.44154669909983
sensitivity,noise10,excited,60,uncertainty_trigger,1,96.10027707869978
sensitivity,noise10,excited,60,uncertainty_trigger,5,120.10027707869979
sensitivity,noise10,excited,60,uncertainty_trigger,10,150.10027707869978
sensitivity,noise10,excited,60,uncertainty_trigger,30,270.1002770786997
sensitivity,noise10,low_yaw,20,always_probe,1,32.9444009778006
sensitivity,noise10,low_yaw,20,always_probe,5,40.9444009778006
sensitivity,noise10,low_yaw,20,always_probe,10,50.9444009778006
sensitivity,noise10,low_yaw,20,always_probe,30,90.9444009778006
sensitivity,noise10,low_yaw,20,batch_aware,1,32.945583000299834
sensitivity,noise10,low_yaw,20,batch_aware,5,40.945583000299834
sensitivity,noise10,low_yaw,20,batch_aware,10,50.945583000299834
sensitivity,noise10,low_yaw,20,batch_aware,30,90.94558300029982
sensitivity,noise10,low_yaw,20,ignore_passive,1,32.944450330399135
sensitivity,noise10,low_yaw,20,ignore_passive,5,40.944450330399135
sensitivity,noise10,low_yaw,20,ignore_passive,10,50.944450330399135
sensitivity,noise10,low_yaw,20,ignore_passive,30,90.94445033039912
sensitivity,noise10,low_yaw,20,passive,1,32.968208055400375
sensitivity,noise10,low_yaw,20,passive,5,40.96820805540036
sensitivity,noise10,low_yaw,20,passive,10,50.96820805540036
sensitivity,noise10,low_yaw,20,passive,30,90.96820805540038
sensitivity,noise10,low_yaw,20,uncertainty_trigger,1,32.944386459399794
sensitivity,noise10,low_yaw,20,uncertainty_trigger,5,40.944386459399794
sensitivity,noise10,low_yaw,20,uncertainty_trigger,10,50.944386459399794
sensitivity,noise10,low_yaw,20,uncertainty_trigger,30,90.9443864593998
sensitivity,noise10,low_yaw,60,always_probe,1,97.09092939020022
sensitivity,noise10,low_yaw,60,always_probe,5,121.09092939020022
sensitivity,noise10,low_yaw,60,always_probe,10,151.09092939020022
sensitivity,noise10,low_yaw,60,always_probe,30,271.09092939020024
sensitivity,noise10,low_yaw,60,batch_aware,1,97.0945292904991
sensitivity,noise10,low_yaw,60,batch_aware,5,121.0945292904991
sensitivity,noise10,low_yaw,60,batch_aware,10,151.0945292904991
sensitivity,noise10,low_yaw,60,batch_aware,30,271.0945292904991
sensitivity,noise10,low_yaw,60,ignore_passive,1,97.09103709209992
sensitivity,noise10,low_yaw,60,ignore_passive,5,121.09103709209992
sensitivity,noise10,low_yaw,60,ignore_passive,10,151.09103709209992
sensitivity,noise10,low_yaw,60,ignore_passive,30,271.09103709209995
sensitivity,noise10,low_yaw,60,passive,1,98.03741663270002
sensitivity,noise10,low_yaw,60,passive,5,122.03741663270003
sensitivity,noise10,low_yaw,60,passive,10,152.03741663270003
sensitivity,noise10,low_yaw,60,passive,30,272.0374166327
sensitivity,noise10,low_yaw,60,uncertainty_trigger,1,97.09106183330053
sensitivity,noise10,low_yaw,60,uncertainty_trigger,5,121.09106183330053
sensitivity,noise10,low_yaw,60,uncertainty_trigger,10,151.09106183330053
sensitivity,noise10,low_yaw,60,uncertainty_trigger,30,271.09106183330056
sensitivity,noise100,excited,20,always_probe,1,24.9247549836998
sensitivity,noise100,excited,20,always_probe,5,87.3247549836998
sensitivity,noise100,excited,20,always_probe,10,165.3247549836998
sensitivity,noise100,excited,20,always_probe,30,477.3247549836998
sensitivity,noise100,excited,20,batch_aware,1,23.957514184099878
sensitivity,noise100,excited,20,batch_aware,5,89.15751418409988
sensitivity,noise100,excited,20,batch_aware,10,170.6575141840999
sensitivity,noise100,excited,20,batch_aware,30,496.6575141840999
sensitivity,noise100,excited,20,ignore_passive,1,24.124141006800002
sensitivity,noise100,excited,20,ignore_passive,5,89.3241410068
sensitivity,noise100,excited,20,ignore_passive,10,170.82414100680003
sensitivity,noise100,excited,20,ignore_passive,30,496.82414100680006
sensitivity,noise100,excited,20,passive,1,23.956707739100207
sensitivity,noise100,excited,20,passive,5,89.15670773910021
sensitivity,noise100,excited,20,passive,10,170.65670773910023
sensitivity,noise100,excited,20,passive,30,496.6567077391002
sensitivity,noise100,excited,20,uncertainty_trigger,1,24.92474710329987
sensitivity,noise100,excited,20,uncertainty_trigger,5,87.32474710329987
sensitivity,noise100,excited,20,uncertainty_trigger,10,165.32474710329987
sensitivity,noise100,excited,20,uncertainty_trigger,30,477.3247471032999
sensitivity,noise100,excited,60,always_probe,1,65.17899250879991
sensitivity,noise100,excited,60,always_probe,5,286.7789925087999
sensitivity,noise100,excited,60,always_probe,10,563.7789925087999
sensitivity,noise100,excited,60,always_probe,30,1671.7789925088
sensitivity,noise100,excited,60,batch_aware,1,64.2133609117
sensitivity,noise100,excited,60,batch_aware,5,288.6133609117
sensitivity,noise100,excited,60,batch_aware,10,569.1133609116999
sensitivity,noise100,excited,60,batch_aware,30,1691.1133609117
sensitivity,noise100,excited,60,ignore_passive,1,65.17901405689977
sensitivity,noise100,excited,60,ignore_passive,5,286.7790140568997
sensitivity,noise100,excited,60,ignore_passive,10,563.7790140568998
sensitivity,noise100,excited,60,ignore_passive,30,1671.7790140569
sensitivity,noise100,excited,60,passive,1,64.21091838749996
sensitivity,noise100,excited,60,passive,5,288.61091838749996
sensitivity,noise100,excited,60,passive,10,569.1109183875
sensitivity,noise100,excited,60,passive,30,1691.1109183875
sensitivity,noise100,excited,60,uncertainty_trigger,1,65.17896049410001
sensitivity,noise100,excited,60,uncertainty_trigger,5,286.77896049410003
sensitivity,noise100,excited,60,uncertainty_trigger,10,563.7789604941
sensitivity,noise100,excited,60,uncertainty_trigger,30,1671.7789604941001
sensitivity,noise100,low_yaw,20,always_probe,1,24.944581038399697
sensitivity,noise100,low_yaw,20,always_probe,5,87.3445810383997
sensitivity,noise100,low_yaw,20,always_probe,10,165.3445810383997
sensitivity,noise100,low_yaw,20,always_probe,30,477.3445810383998
sensitivity,noise100,low_yaw,20,batch_aware,1,23.61068057409984
sensitivity,noise100,low_yaw,20,batch_aware,5,90.01068057409984
sensitivity,noise100,low_yaw,20,batch_aware,10,173.01068057409984
sensitivity,noise100,low_yaw,20,batch_aware,30,505.01068057409987
sensitivity,noise100,low_yaw,20,ignore_passive,1,23.729734965700086
sensitivity,noise100,low_yaw,20,ignore_passive,5,90.12973496570008
sensitivity,noise100,low_yaw,20,ignore_passive,10,173.12973496570012
sensitivity,noise100,low_yaw,20,ignore_passive,30,505.1297349657001
sensitivity,noise100,low_yaw,20,passive,1,23.60967524879997
sensitivity,noise100,low_yaw,20,passive,5,90.00967524879998
sensitivity,noise100,low_yaw,20,passive,10,173.00967524879997
sensitivity,noise100,low_yaw,20,passive,30,505.00967524879997
sensitivity,noise100,low_yaw,20,uncertainty_trigger,1,24.94457481709978
sensitivity,noise100,low_yaw,20,uncertainty_trigger,5,87.34457481709977
sensitivity,noise100,low_yaw,20,uncertainty_trigger,10,165.34457481709978
sensitivity,noise100,low_yaw,20,uncertainty_trigger,30,477.3445748170999
sensitivity,noise100,low_yaw,60,always_probe,1,65.20920692489997
sensitivity,noise100,low_yaw,60,always_probe,5,286.80920692489997
sensitivity,noise100,low_yaw,60,always_probe,10,563.8092069249
sensitivity,noise100,low_yaw,60,always_probe,30,1671.8092069249
sensitivity,noise100,low_yaw,60,batch_aware,1,63.877100826500126
sensitivity,noise100,low_yaw,60,batch_aware,5,289.47710082650013
sensitivity,noise100,low_yaw,60,batch_aware,10,571.4771008265002
sensitivity,noise100,low_yaw,60,batch_aware,30,1699.4771008265002
sensitivity,noise100,low_yaw,60,ignore_passive,1,65.20921912270016
sensitivity,noise100,low_yaw,60,ignore_passive,5,286.8092191227002
sensitivity,noise100,low_yaw,60,ignore_passive,10,563.8092191227003
sensitivity,noise100,low_yaw,60,ignore_passive,30,1671.8092191227
sensitivity,noise100,low_yaw,60,passive,1,63.87452868610014
sensitivity,noise100,low_yaw,60,passive,5,289.47452868610014
sensitivity,noise100,low_yaw,60,passive,10,571.4745286861001
sensitivity,noise100,low_yaw,60,passive,30,1699.4745286861003
sensitivity,noise100,low_yaw,60,uncertainty_trigger,1,65.20917462130016
sensitivity,noise100,low_yaw,60,uncertainty_trigger,5,286.8091746213002
sensitivity,noise100,low_yaw,60,uncertainty_trigger,10,563.8091746213001
sensitivity,noise100,low_yaw,60,uncertainty_trigger,30,1671.8091746213001
sensitivity,margin_half,excited,20,always_probe,1,32.41846946430005
sensitivity,margin_half,excited,20,always_probe,5,40.41846946430005
sensitivity,margin_half,excited,20,always_probe,10,50.41846946430005
sensitivity,margin_half,excited,20,always_probe,30,90.41846946430005
sensitivity,margin_half,excited,20,batch_aware,1,31.6583353219
sensitivity,margin_half,excited,20,batch_aware,5,39.6583353219
sensitivity,margin_half,excited,20,batch_aware,10,49.6583353219
sensitivity,margin_half,excited,20,batch_aware,30,89.65833532189998
sensitivity,margin_half,excited,20,ignore_passive,1,32.41848307460036
sensitivity,margin_half,excited,20,ignore_passive,5,40.41848307460036
sensitivity,margin_half,excited,20,ignore_passive,10,50.41848307460036
sensitivity,margin_half,excited,20,ignore_passive,30,90.41848307460035
sensitivity,margin_half,excited,20,passive,1,31.65705651850031
sensitivity,margin_half,excited,20,passive,5,39.657056518500305
sensitivity,margin_half,excited,20,passive,10,49.65705651850031
sensitivity,margin_half,excited,20,passive,30,89.6570565185003
sensitivity,margin_half,excited,20,uncertainty_trigger,1,32.41845986480043
sensitivity,margin_half,excited,20,uncertainty_trigger,5,40.41845986480043
sensitivity,margin_half,excited,20,uncertainty_trigger,10,50.41845986480043
sensitivity,margin_half,excited,20,uncertainty_trigger,30,90.41845986480043
sensitivity,margin_half,excited,60,always_probe,1,95.55707440289939
sensitivity,margin_half,excited,60,always_probe,5,119.55707440289939
sensitivity,margin_half,excited,60,always_probe,10,149.55707440289936
sensitivity,margin_half,excited,60,always_probe,30,269.5570744028994
sensitivity,margin_half,excited,60,batch_aware,1,94.79921003419994
sensitivity,margin_half,excited,60,batch_aware,5,118.79921003419994
sensitivity,margin_half,excited,60,batch_aware,10,148.79921003419992
sensitivity,margin_half,excited,60,batch_aware,30,268.7992100342
sensitivity,margin_half,excited,60,ignore_passive,1,95.55724169260061
sensitivity,margin_half,excited,60,ignore_passive,5,119.55724169260061
sensitivity,margin_half,excited,60,ignore_passive,10,149.5572416926006
sensitivity,margin_half,excited,60,ignore_passive,30,269.5572416926006
sensitivity,margin_half,excited,60,passive,1,94.79561108669964
sensitivity,margin_half,excited,60,passive,5,118.79561108669964
sensitivity,margin_half,excited,60,passive,10,148.7956110866996
sensitivity,margin_half,excited,60,passive,30,268.79561108669964
sensitivity,margin_half,excited,60,uncertainty_trigger,1,95.55696954129985
sensitivity,margin_half,excited,60,uncertainty_trigger,5,119.55696954129985
sensitivity,margin_half,excited,60,uncertainty_trigger,10,149.55696954129982
sensitivity,margin_half,excited,60,uncertainty_trigger,30,269.55696954129985
sensitivity,margin_half,low_yaw,20,always_probe,1,32.41843601389978
sensitivity,margin_half,low_yaw,20,always_probe,5,40.41843601389978
sensitivity,margin_half,low_yaw,20,always_probe,10,50.41843601389978
sensitivity,margin_half,low_yaw,20,always_probe,30,90.41843601389976
sensitivity,margin_half,low_yaw,20,batch_aware,1,31.671256526199556
sensitivity,margin_half,low_yaw,20,batch_aware,5,39.671256526199556
sensitivity,margin_half,low_yaw,20,batch_aware,10,49.671256526199556
sensitivity,margin_half,low_yaw,20,batch_aware,30,89.67125652619954
sensitivity,margin_half,low_yaw,20,ignore_passive,1,32.41865847770009
sensitivity,margin_half,low_yaw,20,ignore_passive,5,40.41865847770009
sensitivity,margin_half,low_yaw,20,ignore_passive,10,50.41865847770009
sensitivity,margin_half,low_yaw,20,ignore_passive,30,90.41865847770008
sensitivity,margin_half,low_yaw,20,passive,1,31.669890621500087
sensitivity,margin_half,low_yaw,20,passive,5,39.66989062150009
sensitivity,margin_half,low_yaw,20,passive,10,49.66989062150009
sensitivity,margin_half,low_yaw,20,passive,30,89.66989062150007
sensitivity,margin_half,low_yaw,20,uncertainty_trigger,1,32.41866009329956
sensitivity,margin_half,low_yaw,20,uncertainty_trigger,5,40.41866009329956
sensitivity,margin_half,low_yaw,20,uncertainty_trigger,10,50.41866009329956
sensitivity,margin_half,low_yaw,20,uncertainty_trigger,30,90.41866009329955
sensitivity,margin_half,low_yaw,60,always_probe,1,95.55684528169877
sensitivity,margin_half,low_yaw,60,always_probe,5,119.55684528169877
sensitivity,margin_half,low_yaw,60,always_probe,10,149.55684528169874
sensitivity,margin_half,low_yaw,60,always_probe,30,269.55684528169877
sensitivity,margin_half,low_yaw,60,batch_aware,1,94.81190499579968
sensitivity,margin_half,low_yaw,60,batch_aware,5,118.81190499579968
sensitivity,margin_half,low_yaw,60,batch_aware,10,148.81190499579967
sensitivity,margin_half,low_yaw,60,batch_aware,30,268.8119049957997
sensitivity,margin_half,low_yaw,60,ignore_passive,1,95.5573800713004
sensitivity,margin_half,low_yaw,60,ignore_passive,5,119.5573800713004
sensitivity,margin_half,low_yaw,60,ignore_passive,10,149.55738007130037
sensitivity,margin_half,low_yaw,60,ignore_passive,30,269.5573800713004
sensitivity,margin_half,low_yaw,60,passive,1,94.80830183359964
sensitivity,margin_half,low_yaw,60,passive,5,118.80830183359964
sensitivity,margin_half,low_yaw,60,passive,10,148.80830183359961
sensitivity,margin_half,low_yaw,60,passive,30,268.80830183359967
sensitivity,margin_half,low_yaw,60,uncertainty_trigger,1,95.55680503549998
sensitivity,margin_half,low_yaw,60,uncertainty_trigger,5,119.55680503549998
sensitivity,margin_half,low_yaw,60,uncertainty_trigger,10,149.55680503549996
sensitivity,margin_half,low_yaw,60,uncertainty_trigger,30,269.55680503549996
sensitivity,margin2,excited,20,always_probe,1,32.46699715690026
sensitivity,margin2,excited,20,always_probe,5,40.46699715690026
sensitivity,margin2,excited,20,always_probe,10,50.46699715690026
sensitivity,margin2,excited,20,always_probe,30,90.46699715690025
sensitivity,margin2,excited,20,batch_aware,1,31.877059578700113
sensitivity,margin2,excited,20,batch_aware,5,39.87705957870011
sensitivity,margin2,excited,20,batch_aware,10,49.87705957870012
sensitivity,margin2,excited,20,batch_aware,30,89.87705957870011
sensitivity,margin2,excited,20,ignore_passive,1,32.4671846915998
sensitivity,margin2,excited,20,ignore_passive,5,40.4671846915998
sensitivity,margin2,excited,20,ignore_passive,10,50.4671846915998
sensitivity,margin2,excited,20,ignore_passive,30,90.46718469159978
sensitivity,margin2,excited,20,passive,1,31.875803469499665
sensitivity,margin2,excited,20,passive,5,39.875803469499665
sensitivity,margin2,excited,20,passive,10,49.87580346949967
sensitivity,margin2,excited,20,passive,30,89.87580346949966
sensitivity,margin2,excited,20,uncertainty_trigger,1,32.46701992959986
sensitivity,margin2,excited,20,uncertainty_trigger,5,40.46701992959986
sensitivity,margin2,excited,20,uncertainty_trigger,10,50.46701992959986
sensitivity,margin2,excited,20,uncertainty_trigger,30,90.46701992959984
sensitivity,margin2,excited,60,always_probe,1,95.60549535020036
sensitivity,margin2,excited,60,always_probe,5,119.60549535020036
sensitivity,margin2,excited,60,always_probe,10,149.60549535020036
sensitivity,margin2,excited,60,always_probe,30,269.60549535020033
sensitivity,margin2,excited,60,batch_aware,1,95.01787584669962
sensitivity,margin2,excited,60,batch_aware,5,119.01787584669962
sensitivity,margin2,excited,60,batch_aware,10,149.0178758466996
sensitivity,margin2,excited,60,batch_aware,30,269.01787584669967
sensitivity,margin2,excited,60,ignore_passive,1,95.60554833019997
sensitivity,margin2,excited,60,ignore_passive,5,119.60554833019997
sensitivity,margin2,excited,60,ignore_passive,10,149.60554833019995
sensitivity,margin2,excited,60,ignore_passive,30,269.6055483301999
sensitivity,margin2,excited,60,passive,1,95.01424053289995
sensitivity,margin2,excited,60,passive,5,119.01424053289995
sensitivity,margin2,excited,60,passive,10,149.01424053289992
sensitivity,margin2,excited,60,passive,30,269.01424053290003
sensitivity,margin2,excited,60,uncertainty_trigger,1,95.60556952850088
sensitivity,margin2,excited,60,uncertainty_trigger,5,119.60556952850088
sensitivity,margin2,excited,60,uncertainty_trigger,10,149.6055695285009
sensitivity,margin2,excited,60,uncertainty_trigger,30,269.60556952850084
sensitivity,margin2,low_yaw,20,always_probe,1,32.72758353009998
sensitivity,margin2,low_yaw,20,always_probe,5,40.72758353009998
sensitivity,margin2,low_yaw,20,always_probe,10,50.72758353009998
sensitivity,margin2,low_yaw,20,always_probe,30,90.72758353009998
sensitivity,margin2,low_yaw,20,batch_aware,1,32.68217093490001
sensitivity,margin2,low_yaw,20,batch_aware,5,40.68217093490001
sensitivity,margin2,low_yaw,20,batch_aware,10,50.68217093490001
sensitivity,margin2,low_yaw,20,batch_aware,30,90.68217093489999
sensitivity,margin2,low_yaw,20,ignore_passive,1,32.72767050090005
sensitivity,margin2,low_yaw,20,ignore_passive,5,40.72767050090005
sensitivity,margin2,low_yaw,20,ignore_passive,10,50.72767050090005
sensitivity,margin2,low_yaw,20,ignore_passive,30,90.72767050090005
sensitivity,margin2,low_yaw,20,passive,1,32.68100515450026
sensitivity,margin2,low_yaw,20,passive,5,40.68100515450026
sensitivity,margin2,low_yaw,20,passive,10,50.68100515450026
sensitivity,margin2,low_yaw,20,passive,30,90.68100515450024
sensitivity,margin2,low_yaw,20,uncertainty_trigger,1,32.72761425469984
sensitivity,margin2,low_yaw,20,uncertainty_trigger,5,40.72761425469984
sensitivity,margin2,low_yaw,20,uncertainty_trigger,10,50.72761425469984
sensitivity,margin2,low_yaw,20,uncertainty_trigger,30,90.72761425469983
sensitivity,margin2,low_yaw,60,always_probe,1,96.34859227399936
sensitivity,margin2,low_yaw,60,always_probe,5,120.34859227399936
sensitivity,margin2,low_yaw,60,always_probe,10,150.34859227399937
sensitivity,margin2,low_yaw,60,always_probe,30,270.3485922739993
sensitivity,margin2,low_yaw,60,batch_aware,1,96.83483761139999
sensitivity,margin2,low_yaw,60,batch_aware,5,120.83483761139999
sensitivity,margin2,low_yaw,60,batch_aware,10,150.8348376114
sensitivity,margin2,low_yaw,60,batch_aware,30,270.8348376114
sensitivity,margin2,low_yaw,60,ignore_passive,1,96.34869863249953
sensitivity,margin2,low_yaw,60,ignore_passive,5,120.34869863249953
sensitivity,margin2,low_yaw,60,ignore_passive,10,150.34869863249952
sensitivity,margin2,low_yaw,60,ignore_passive,30,270.3486986324995
sensitivity,margin2,low_yaw,60,passive,1,96.8312554000995
sensitivity,margin2,low_yaw,60,passive,5,120.83125540009948
sensitivity,margin2,low_yaw,60,passive,10,150.83125540009948
sensitivity,margin2,low_yaw,60,passive,30,270.8312554000995
sensitivity,margin2,low_yaw,60,uncertainty_trigger,1,96.3485683249008
sensitivity,margin2,low_yaw,60,uncertainty_trigger,5,120.3485683249008
sensitivity,margin2,low_yaw,60,uncertainty_trigger,10,150.34856832490078
sensitivity,margin2,low_yaw,60,uncertainty_trigger,30,270.3485683249008
sensitivity,margin4,excited,20,always_probe,1,32.92818513900029
sensitivity,margin4,excited,20,always_probe,5,40.92818513900029
sensitivity,margin4,excited,20,always_probe,10,50.92818513900029
sensitivity,margin4,excited,20,always_probe,30,90.92818513900028
sensitivity,margin4,excited,20,batch_aware,1,32.524946731299806
sensitivity,margin4,excited,20,batch_aware,5,40.524946731299806
sensitivity,margin4,excited,20,batch_aware,10,50.524946731299806
sensitivity,margin4,excited,20,batch_aware,30,90.5249467312998
sensitivity,margin4,excited,20,ignore_passive,1,32.92828186349952
sensitivity,margin4,excited,20,ignore_passive,5,40.92828186349952
sensitivity,margin4,excited,20,ignore_passive,10,50.92828186349952
sensitivity,margin4,excited,20,ignore_passive,30,90.9282818634995
sensitivity,margin4,excited,20,passive,1,32.523790308100146
sensitivity,margin4,excited,20,passive,5,40.52379030810015
sensitivity,margin4,excited,20,passive,10,50.52379030810015
sensitivity,margin4,excited,20,passive,30,90.52379030810015
sensitivity,margin4,excited,20,uncertainty_trigger,1,32.9282183761004
sensitivity,margin4,excited,20,uncertainty_trigger,5,40.9282183761004
sensitivity,margin4,excited,20,uncertainty_trigger,10,50.9282183761004
sensitivity,margin4,excited,20,uncertainty_trigger,30,90.92821837610039
sensitivity,margin4,excited,60,always_probe,1,96.59497544529998
sensitivity,margin4,excited,60,always_probe,5,120.5949754453
sensitivity,margin4,excited,60,always_probe,10,150.59497544529998
sensitivity,margin4,excited,60,always_probe,30,270.59497544529995
sensitivity,margin4,excited,60,batch_aware,1,96.24216055409953
sensitivity,margin4,excited,60,batch_aware,5,120.24216055409954
sensitivity,margin4,excited,60,batch_aware,10,150.2421605540995
sensitivity,margin4,excited,60,batch_aware,30,270.24216055409954
sensitivity,margin4,excited,60,ignore_passive,1,96.59500226200083
sensitivity,margin4,excited,60,ignore_passive,5,120.59500226200085
sensitivity,margin4,excited,60,ignore_passive,10,150.59500226200083
sensitivity,margin4,excited,60,ignore_passive,30,270.5950022620008
sensitivity,margin4,excited,60,passive,1,96.23874735769974
sensitivity,margin4,excited,60,passive,5,120.23874735769975
sensitivity,margin4,excited,60,passive,10,150.23874735769974
sensitivity,margin4,excited,60,passive,30,270.2387473576997
sensitivity,margin4,excited,60,uncertainty_trigger,1,96.59497200370001
sensitivity,margin4,excited,60,uncertainty_trigger,5,120.59497200370001
sensitivity,margin4,excited,60,uncertainty_trigger,10,150.59497200369998
sensitivity,margin4,excited,60,uncertainty_trigger,30,270.5949720037
sensitivity,margin4,low_yaw,20,always_probe,1,33.183029238199865
sensitivity,margin4,low_yaw,20,always_probe,5,41.183029238199865
sensitivity,margin4,low_yaw,20,always_probe,10,51.183029238199865
sensitivity,margin4,low_yaw,20,always_probe,30,91.18302923819985
sensitivity,margin4,low_yaw,20,batch_aware,1,33.184249563499755
sensitivity,margin4,low_yaw,20,batch_aware,5,41.184249563499755
sensitivity,margin4,low_yaw,20,batch_aware,10,51.184249563499755
sensitivity,margin4,low_yaw,20,batch_aware,30,91.18424956349973
sensitivity,margin4,low_yaw,20,ignore_passive,1,33.1831398668998
sensitivity,margin4,low_yaw,20,ignore_passive,5,41.1831398668998
sensitivity,margin4,low_yaw,20,ignore_passive,10,51.1831398668998
sensitivity,margin4,low_yaw,20,ignore_passive,30,91.18313986689978
sensitivity,margin4,low_yaw,20,passive,1,34.19751057700069
sensitivity,margin4,low_yaw,20,passive,5,42.19751057700069
sensitivity,margin4,low_yaw,20,passive,10,52.197510577000685
sensitivity,margin4,low_yaw,20,passive,30,92.19751057700068
sensitivity,margin4,low_yaw,20,uncertainty_trigger,1,33.18309140980003
sensitivity,margin4,low_yaw,20,uncertainty_trigger,5,41.18309140980003
sensitivity,margin4,low_yaw,20,uncertainty_trigger,10,51.18309140980003
sensitivity,margin4,low_yaw,20,uncertainty_trigger,30,91.18309140980001
sensitivity,margin4,low_yaw,60,always_probe,1,97.7130044757015
sensitivity,margin4,low_yaw,60,always_probe,5,121.7130044757015
sensitivity,margin4,low_yaw,60,always_probe,10,151.7130044757015
sensitivity,margin4,low_yaw,60,always_probe,30,271.7130044757015
sensitivity,margin4,low_yaw,60,batch_aware,1,97.71657406199941
sensitivity,margin4,low_yaw,60,batch_aware,5,121.71657406199941
sensitivity,margin4,low_yaw,60,batch_aware,10,151.7165740619994
sensitivity,margin4,low_yaw,60,batch_aware,30,271.7165740619994
sensitivity,margin4,low_yaw,60,ignore_passive,1,97.71337187259948
sensitivity,margin4,low_yaw,60,ignore_passive,5,121.71337187259948
sensitivity,margin4,low_yaw,60,ignore_passive,10,151.71337187259948
sensitivity,margin4,low_yaw,60,ignore_passive,30,271.71337187259945
sensitivity,margin4,low_yaw,60,passive,1,100.04114789059983
sensitivity,margin4,low_yaw,60,passive,5,124.04114789059986
sensitivity,margin4,low_yaw,60,passive,10,154.04114789059986
sensitivity,margin4,low_yaw,60,passive,30,274.04114789059986
sensitivity,margin4,low_yaw,60,uncertainty_trigger,1,97.71297487599983
sensitivity,margin4,low_yaw,60,uncertainty_trigger,5,121.71297487599983
sensitivity,margin4,low_yaw,60,uncertainty_trigger,10,151.71297487599983
sensitivity,margin4,low_yaw,60,uncertainty_trigger,30,271.7129748759998
sensitivity,inflation4,excited,20,always_probe,1,32.41843675449977
sensitivity,inflation4,excited,20,always_probe,5,40.41843675449977
sensitivity,inflation4,excited,20,always_probe,10,50.41843675449977
sensitivity,inflation4,excited,20,always_probe,30,90.41843675449977
sensitivity,inflation4,excited,20,batch_aware,1,31.70321841340017
sensitivity,inflation4,excited,20,batch_aware,5,39.703218413400165
sensitivity,inflation4,excited,20,batch_aware,10,49.703218413400165
sensitivity,inflation4,excited,20,batch_aware,30,89.70321841340015
sensitivity,inflation4,excited,20,ignore_passive,1,32.4184901703004
sensitivity,inflation4,excited,20,ignore_passive,5,40.4184901703004
sensitivity,inflation4,excited,20,ignore_passive,10,50.4184901703004
sensitivity,inflation4,excited,20,ignore_passive,30,90.41849017030039
sensitivity,inflation4,excited,20,passive,1,31.70204839180003
sensitivity,inflation4,excited,20,passive,5,39.702048391800034
sensitivity,inflation4,excited,20,passive,10,49.702048391800034
sensitivity,inflation4,excited,20,passive,30,89.70204839180002
sensitivity,inflation4,excited,20,uncertainty_trigger,1,32.4183891049006
sensitivity,inflation4,excited,20,uncertainty_trigger,5,40.4183891049006
sensitivity,inflation4,excited,20,uncertainty_trigger,10,50.4183891049006
sensitivity,inflation4,excited,20,uncertainty_trigger,30,90.41838910490058
sensitivity,inflation4,excited,60,always_probe,1,95.55695494049841
sensitivity,inflation4,excited,60,always_probe,5,119.55695494049841
sensitivity,inflation4,excited,60,always_probe,10,149.5569549404984
sensitivity,inflation4,excited,60,always_probe,30,269.55695494049843
sensitivity,inflation4,excited,60,batch_aware,1,94.84446387809886
sensitivity,inflation4,excited,60,batch_aware,5,118.84446387809888
sensitivity,inflation4,excited,60,batch_aware,10,148.84446387809888
sensitivity,inflation4,excited,60,batch_aware,30,268.84446387809885
sensitivity,inflation4,excited,60,ignore_passive,1,95.55701586259957
sensitivity,inflation4,excited,60,ignore_passive,5,119.55701586259957
sensitivity,inflation4,excited,60,ignore_passive,10,149.55701586259954
sensitivity,inflation4,excited,60,ignore_passive,30,269.55701586259954
sensitivity,inflation4,excited,60,passive,1,94.84061861789938
sensitivity,inflation4,excited,60,passive,5,118.8406186178994
sensitivity,inflation4,excited,60,passive,10,148.8406186178994
sensitivity,inflation4,excited,60,passive,30,268.8406186178994
sensitivity,inflation4,excited,60,uncertainty_trigger,1,95.55736191709957
sensitivity,inflation4,excited,60,uncertainty_trigger,5,119.55736191709957
sensitivity,inflation4,excited,60,uncertainty_trigger,10,149.55736191709954
sensitivity,inflation4,excited,60,uncertainty_trigger,30,269.55736191709957
sensitivity,inflation4,low_yaw,20,always_probe,1,32.418602267800225
sensitivity,inflation4,low_yaw,20,always_probe,5,40.418602267800225
sensitivity,inflation4,low_yaw,20,always_probe,10,50.418602267800225
sensitivity,inflation4,low_yaw,20,always_probe,30,90.41860226780021
sensitivity,inflation4,low_yaw,20,batch_aware,1,31.794961510699256
sensitivity,inflation4,low_yaw,20,batch_aware,5,39.79496151069925
sensitivity,inflation4,low_yaw,20,batch_aware,10,49.79496151069925
sensitivity,inflation4,low_yaw,20,batch_aware,30,89.79496151069927
sensitivity,inflation4,low_yaw,20,ignore_passive,1,32.41859794949987
sensitivity,inflation4,low_yaw,20,ignore_passive,5,40.41859794949987
sensitivity,inflation4,low_yaw,20,ignore_passive,10,50.41859794949987
sensitivity,inflation4,low_yaw,20,ignore_passive,30,90.41859794949985
sensitivity,inflation4,low_yaw,20,passive,1,31.793665377199982
sensitivity,inflation4,low_yaw,20,passive,5,39.793665377199986
sensitivity,inflation4,low_yaw,20,passive,10,49.793665377199986
sensitivity,inflation4,low_yaw,20,passive,30,89.79366537719999
sensitivity,inflation4,low_yaw,20,uncertainty_trigger,1,32.41849472579975
sensitivity,inflation4,low_yaw,20,uncertainty_trigger,5,40.41849472579975
sensitivity,inflation4,low_yaw,20,uncertainty_trigger,10,50.41849472579975
sensitivity,inflation4,low_yaw,20,uncertainty_trigger,30,90.41849472579973
sensitivity,inflation4,low_yaw,60,always_probe,1,95.55689571110088
sensitivity,inflation4,low_yaw,60,always_probe,5,119.55689571110088
sensitivity,inflation4,low_yaw,60,always_probe,10,149.55689571110085
sensitivity,inflation4,low_yaw,60,always_probe,30,269.5568957111009
sensitivity,inflation4,low_yaw,60,batch_aware,1,94.93576745189895
sensitivity,inflation4,low_yaw,60,batch_aware,5,118.93576745189894
sensitivity,inflation4,low_yaw,60,batch_aware,10,148.93576745189893
sensitivity,inflation4,low_yaw,60,batch_aware,30,268.9357674518989
sensitivity,inflation4,low_yaw,60,ignore_passive,1,95.55693148560026
sensitivity,inflation4,low_yaw,60,ignore_passive,5,119.55693148560026
sensitivity,inflation4,low_yaw,60,ignore_passive,10,149.55693148560024
sensitivity,inflation4,low_yaw,60,ignore_passive,30,269.5569314856003
sensitivity,inflation4,low_yaw,60,passive,1,94.932130057101
sensitivity,inflation4,low_yaw,60,passive,5,118.93213005710099
sensitivity,inflation4,low_yaw,60,passive,10,148.932130057101
sensitivity,inflation4,low_yaw,60,passive,30,268.932130057101
sensitivity,inflation4,low_yaw,60,uncertainty_trigger,1,95.5568649832996
sensitivity,inflation4,low_yaw,60,uncertainty_trigger,5,119.5568649832996
sensitivity,inflation4,low_yaw,60,uncertainty_trigger,10,149.5568649832996
sensitivity,inflation4,low_yaw,60,uncertainty_trigger,30,269.5568649832996
sensitivity,inflation64,excited,20,always_probe,1,32.42100359150037
sensitivity,inflation64,excited,20,always_probe,5,40.421003591500366
sensitivity,inflation64,excited,20,always_probe,10,50.421003591500366
sensitivity,inflation64,excited,20,always_probe,30,90.42100359150037
sensitivity,inflation64,excited,20,batch_aware,1,31.715935074100123
sensitivity,inflation64,excited,20,batch_aware,5,39.71593507410012
sensitivity,inflation64,excited,20,batch_aware,10,49.71593507410012
sensitivity,inflation64,excited,20,batch_aware,30,89.71593507410012
sensitivity,inflation64,excited,20,ignore_passive,1,32.42104194080004
sensitivity,inflation64,excited,20,ignore_passive,5,40.42104194080004
sensitivity,inflation64,excited,20,ignore_passive,10,50.42104194080004
sensitivity,inflation64,excited,20,ignore_passive,30,90.42104194080004
sensitivity,inflation64,excited,20,passive,1,31.714805778500164
sensitivity,inflation64,excited,20,passive,5,39.714805778500164
sensitivity,inflation64,excited,20,passive,10,49.714805778500164
sensitivity,inflation64,excited,20,passive,30,89.71480577850016
sensitivity,inflation64,excited,20,uncertainty_trigger,1,32.42100755229983
sensitivity,inflation64,excited,20,uncertainty_trigger,5,40.42100755229982
sensitivity,inflation64,excited,20,uncertainty_trigger,10,50.42100755229982
sensitivity,inflation64,excited,20,uncertainty_trigger,30,90.42100755229981
sensitivity,inflation64,excited,60,always_probe,1,95.55952774519923
sensitivity,inflation64,excited,60,always_probe,5,119.55952774519923
sensitivity,inflation64,excited,60,always_probe,10,149.55952774519923
sensitivity,inflation64,excited,60,always_probe,30,269.55952774519926
sensitivity,inflation64,excited,60,batch_aware,1,94.8570995380001
sensitivity,inflation64,excited,60,batch_aware,5,118.8570995380001
sensitivity,inflation64,excited,60,batch_aware,10,148.8570995380001
sensitivity,inflation64,excited,60,batch_aware,30,268.85709953800006
sensitivity,inflation64,excited,60,ignore_passive,1,95.55974487180019
sensitivity,inflation64,excited,60,ignore_passive,5,119.55974487180019
sensitivity,inflation64,excited,60,ignore_passive,10,149.5597448718002
sensitivity,inflation64,excited,60,ignore_passive,30,269.5597448718002
sensitivity,inflation64,excited,60,passive,1,94.85332439610002
sensitivity,inflation64,excited,60,passive,5,118.85332439610002
sensitivity,inflation64,excited,60,passive,10,148.85332439610002
sensitivity,inflation64,excited,60,passive,30,268.8533243961
sensitivity,inflation64,excited,60,uncertainty_trigger,1,95.55955483979906
sensitivity,inflation64,excited,60,uncertainty_trigger,5,119.55955483979906
sensitivity,inflation64,excited,60,uncertainty_trigger,10,149.55955483979906
sensitivity,inflation64,excited,60,uncertainty_trigger,30,269.55955483979903
sensitivity,inflation64,low_yaw,20,always_probe,1,32.470483643599934
sensitivity,inflation64,low_yaw,20,always_probe,5,40.470483643599934
sensitivity,inflation64,low_yaw,20,always_probe,10,50.470483643599934
sensitivity,inflation64,low_yaw,20,always_probe,30,90.47048364359992
sensitivity,inflation64,low_yaw,20,batch_aware,1,32.24255634160003
sensitivity,inflation64,low_yaw,20,batch_aware,5,40.24255634160003
sensitivity,inflation64,low_yaw,20,batch_aware,10,50.24255634160003
sensitivity,inflation64,low_yaw,20,batch_aware,30,90.24255634160002
sensitivity,inflation64,low_yaw,20,ignore_passive,1,32.47050026170018
sensitivity,inflation64,low_yaw,20,ignore_passive,5,40.47050026170018
sensitivity,inflation64,low_yaw,20,ignore_passive,10,50.47050026170018
sensitivity,inflation64,low_yaw,20,ignore_passive,30,90.47050026170017
sensitivity,inflation64,low_yaw,20,passive,1,32.24127880200016
sensitivity,inflation64,low_yaw,20,passive,5,40.24127880200016
sensitivity,inflation64,low_yaw,20,passive,10,50.24127880200016
sensitivity,inflation64,low_yaw,20,passive,30,90.24127880200015
sensitivity,inflation64,low_yaw,20,uncertainty_trigger,1,32.47045232049991
sensitivity,inflation64,low_yaw,20,uncertainty_trigger,5,40.47045232049991
sensitivity,inflation64,low_yaw,20,uncertainty_trigger,10,50.47045232049991
sensitivity,inflation64,low_yaw,20,uncertainty_trigger,30,90.4704523204999
sensitivity,inflation64,low_yaw,60,always_probe,1,95.64518527099997
sensitivity,inflation64,low_yaw,60,always_probe,5,119.64518527099997
sensitivity,inflation64,low_yaw,60,always_probe,10,149.64518527099997
sensitivity,inflation64,low_yaw,60,always_probe,30,269.645185271
sensitivity,inflation64,low_yaw,60,batch_aware,1,95.6489383725004
sensitivity,inflation64,low_yaw,60,batch_aware,5,119.6489383725004
sensitivity,inflation64,low_yaw,60,batch_aware,10,149.6489383725004
sensitivity,inflation64,low_yaw,60,batch_aware,30,269.6489383725004
sensitivity,inflation64,low_yaw,60,ignore_passive,1,95.64529585960034
sensitivity,inflation64,low_yaw,60,ignore_passive,5,119.64529585960034
sensitivity,inflation64,low_yaw,60,ignore_passive,10,149.64529585960034
sensitivity,inflation64,low_yaw,60,ignore_passive,30,269.64529585960037
sensitivity,inflation64,low_yaw,60,passive,1,96.06819320210045
sensitivity,inflation64,low_yaw,60,passive,5,120.06819320210047
sensitivity,inflation64,low_yaw,60,passive,10,150.06819320210045
sensitivity,inflation64,low_yaw,60,passive,30,270.0681932021005
sensitivity,inflation64,low_yaw,60,uncertainty_trigger,1,95.64526700799918
sensitivity,inflation64,low_yaw,60,uncertainty_trigger,5,119.64526700799918
sensitivity,inflation64,low_yaw,60,uncertainty_trigger,10,149.64526700799917
sensitivity,inflation64,low_yaw,60,uncertainty_trigger,30,269.6452670079992
sensitivity,probe_fast,excited,20,always_probe,1,25.584691948799986
sensitivity,probe_fast,excited,20,always_probe,5,73.58469194879999
sensitivity,probe_fast,excited,20,always_probe,10,133.58469194879996
sensitivity,probe_fast,excited,20,always_probe,30,373.5846919488
sensitivity,probe_fast,excited,20,batch_aware,1,31.703159545000222
sensitivity,probe_fast,excited,20,batch_aware,5,39.70315954500022
sensitivity,probe_fast,excited,20,batch_aware,10,49.70315954500022
sensitivity,probe_fast,excited,20,batch_aware,30,89.7031595450002
sensitivity,probe_fast,excited,20,ignore_passive,1,25.58475609740021
sensitivity,probe_fast,excited,20,ignore_passive,5,73.5847560974002
sensitivity,probe_fast,excited,20,ignore_passive,10,133.5847560974002
sensitivity,probe_fast,excited,20,ignore_passive,30,373.5847560974002
sensitivity,probe_fast,excited,20,passive,1,31.701978208200558
sensitivity,probe_fast,excited,20,passive,5,39.70197820820056
sensitivity,probe_fast,excited,20,passive,10,49.70197820820056
sensitivity,probe_fast,excited,20,passive,30,89.70197820820054
sensitivity,probe_fast,excited,20,uncertainty_trigger,1,25.584705740700194
sensitivity,probe_fast,excited,20,uncertainty_trigger,5,73.58470574070019
sensitivity,probe_fast,excited,20,uncertainty_trigger,10,133.58470574070017
sensitivity,probe_fast,excited,20,uncertainty_trigger,30,373.5847057407002
sensitivity,probe_fast,excited,60,always_probe,1,75.66571316809997
sensitivity,probe_fast,excited,60,always_probe,5,219.66571316809996
sensitivity,probe_fast,excited,60,always_probe,10,399.6657131681
sensitivity,probe_fast,excited,60,always_probe,30,1119.6657131681
sensitivity,probe_fast,excited,60,batch_aware,1,94.84437557999937
sensitivity,probe_fast,excited,60,batch_aware,5,118.84437557999938
sensitivity,probe_fast,excited,60,batch_aware,10,148.8443755799994
sensitivity,probe_fast,excited,60,batch_aware,30,268.84437557999934
sensitivity,probe_fast,excited,60,ignore_passive,1,75.66577918460027
sensitivity,probe_fast,excited,60,ignore_passive,5,219.66577918460024
sensitivity,probe_fast,excited,60,ignore_passive,10,399.6657791846003
sensitivity,probe_fast,excited,60,ignore_passive,30,1119.6657791846003
sensitivity,probe_fast,excited,60,passive,1,94.84054093000006
sensitivity,probe_fast,excited,60,passive,5,118.84054093000006
sensitivity,probe_fast,excited,60,passive,10,148.84054093000006
sensitivity,probe_fast,excited,60,passive,30,268.84054093000003
sensitivity,probe_fast,excited,60,uncertainty_trigger,1,75.66577849740007
sensitivity,probe_fast,excited,60,uncertainty_trigger,5,219.66577849740005
sensitivity,probe_fast,excited,60,uncertainty_trigger,10,399.6657784974001
sensitivity,probe_fast,excited,60,uncertainty_trigger,30,1119.6657784974
sensitivity,probe_fast,low_yaw,20,always_probe,1,25.58473556150056
sensitivity,probe_fast,low_yaw,20,always_probe,5,73.58473556150055
sensitivity,probe_fast,low_yaw,20,always_probe,10,133.58473556150054
sensitivity,probe_fast,low_yaw,20,always_probe,30,373.58473556150057
sensitivity,probe_fast,low_yaw,20,batch_aware,1,32.03760304520021
sensitivity,probe_fast,low_yaw,20,batch_aware,5,40.037603045200214
sensitivity,probe_fast,low_yaw,20,batch_aware,10,50.037603045200214
sensitivity,probe_fast,low_yaw,20,batch_aware,30,90.0376030452002
sensitivity,probe_fast,low_yaw,20,ignore_passive,1,25.58476930040019
sensitivity,probe_fast,low_yaw,20,ignore_passive,5,73.58476930040018
sensitivity,probe_fast,low_yaw,20,ignore_passive,10,133.58476930040018
sensitivity,probe_fast,low_yaw,20,ignore_passive,30,373.5847693004002
sensitivity,probe_fast,low_yaw,20,passive,1,32.03642942640023
sensitivity,probe_fast,low_yaw,20,passive,5,40.03642942640023
sensitivity,probe_fast,low_yaw,20,passive,10,50.03642942640023
sensitivity,probe_fast,low_yaw,20,passive,30,90.03642942640023
sensitivity,probe_fast,low_yaw,20,uncertainty_trigger,1,25.584712881699755
sensitivity,probe_fast,low_yaw,20,uncertainty_trigger,5,73.58471288169974
sensitivity,probe_fast,low_yaw,20,uncertainty_trigger,10,133.58471288169974
sensitivity,probe_fast,low_yaw,20,uncertainty_trigger,30,373.5847128816998
sensitivity,probe_fast,low_yaw,60,always_probe,1,75.66573482770046
sensitivity,probe_fast,low_yaw,60,always_probe,5,219.66573482770045
sensitivity,probe_fast,low_yaw,60,always_probe,10,399.6657348277005
sensitivity,probe_fast,low_yaw,60,always_probe,30,1119.6657348277004
sensitivity,probe_fast,low_yaw,60,batch_aware,1,95.25295552079925
sensitivity,probe_fast,low_yaw,60,batch_aware,5,119.25295552079925
sensitivity,probe_fast,low_yaw,60,batch_aware,10,149.25295552079925
sensitivity,probe_fast,low_yaw,60,batch_aware,30,269.2529555207992
sensitivity,probe_fast,low_yaw,60,ignore_passive,1,75.66577969970004
sensitivity,probe_fast,low_yaw,60,ignore_passive,5,219.66577969970004
sensitivity,probe_fast,low_yaw,60,ignore_passive,10,399.6657796997
sensitivity,probe_fast,low_yaw,60,ignore_passive,30,1119.6657796997
sensitivity,probe_fast,low_yaw,60,passive,1,95.2494069881997
sensitivity,probe_fast,low_yaw,60,passive,5,119.2494069881997
sensitivity,probe_fast,low_yaw,60,passive,10,149.2494069881997
sensitivity,probe_fast,low_yaw,60,passive,30,269.24940698819967
sensitivity,probe_fast,low_yaw,60,uncertainty_trigger,1,75.66575704190032
sensitivity,probe_fast,low_yaw,60,uncertainty_trigger,5,219.66575704190032
sensitivity,probe_fast,low_yaw,60,uncertainty_trigger,10,399.6657570419003
sensitivity,probe_fast,low_yaw,60,uncertainty_trigger,30,1119.6657570419002
sensitivity,probe_slow,excited,20,always_probe,1,32.780986488800025
sensitivity,probe_slow,excited,20,always_probe,5,40.780986488800025
sensitivity,probe_slow,excited,20,always_probe,10,50.780986488800025
sensitivity,probe_slow,excited,20,always_probe,30,90.78098648880001
sensitivity,probe_slow,excited,20,batch_aware,1,31.70315035310066
sensitivity,probe_slow,excited,20,batch_aware,5,39.70315035310066
sensitivity,probe_slow,excited,20,batch_aware,10,49.70315035310066
sensitivity,probe_slow,excited,20,batch_aware,30,89.70315035310065
sensitivity,probe_slow,excited,20,ignore_passive,1,32.78102587379974
sensitivity,probe_slow,excited,20,ignore_passive,5,40.78102587379974
sensitivity,probe_slow,excited,20,ignore_passive,10,50.78102587379974
sensitivity,probe_slow,excited,20,ignore_passive,30,90.78102587379973
sensitivity,probe_slow,excited,20,passive,1,31.702001577499892
sensitivity,probe_slow,excited,20,passive,5,39.70200157749989
sensitivity,probe_slow,excited,20,passive,10,49.70200157749989
sensitivity,probe_slow,excited,20,passive,30,89.70200157749989
sensitivity,probe_slow,excited,20,uncertainty_trigger,1,32.78099144109954
sensitivity,probe_slow,excited,20,uncertainty_trigger,5,40.78099144109954
sensitivity,probe_slow,excited,20,uncertainty_trigger,10,50.78099144109954
sensitivity,probe_slow,excited,20,uncertainty_trigger,30,90.78099144109953
sensitivity,probe_slow,excited,60,always_probe,1,95.91946573790054
sensitivity,probe_slow,excited,60,always_probe,5,119.91946573790054
sensitivity,probe_slow,excited,60,always_probe,10,149.9194657379005
sensitivity,probe_slow,excited,60,always_probe,30,269.9194657379005
sensitivity,probe_slow,excited,60,batch_aware,1,94.84385362590011
sensitivity,probe_slow,excited,60,batch_aware,5,118.84385362590012
sensitivity,probe_slow,excited,60,batch_aware,10,148.84385362590012
sensitivity,probe_slow,excited,60,batch_aware,30,268.8438536259001
sensitivity,probe_slow,excited,60,ignore_passive,1,95.91948142440003
sensitivity,probe_slow,excited,60,ignore_passive,5,119.91948142440003
sensitivity,probe_slow,excited,60,ignore_passive,10,149.9194814244
sensitivity,probe_slow,excited,60,ignore_passive,30,269.91948142440003
sensitivity,probe_slow,excited,60,passive,1,94.84042908629951
sensitivity,probe_slow,excited,60,passive,5,118.84042908629951
sensitivity,probe_slow,excited,60,passive,10,148.8404290862995
sensitivity,probe_slow,excited,60,passive,30,268.8404290862995
sensitivity,probe_slow,excited,60,uncertainty_trigger,1,95.91947755479839
sensitivity,probe_slow,excited,60,uncertainty_trigger,5,119.91947755479839
sensitivity,probe_slow,excited,60,uncertainty_trigger,10,149.91947755479836
sensitivity,probe_slow,excited,60,uncertainty_trigger,30,269.9194775547984
sensitivity,probe_slow,low_yaw,20,always_probe,1,32.78361605870053
sensitivity,probe_slow,low_yaw,20,always_probe,5,40.78361605870053
sensitivity,probe_slow,low_yaw,20,always_probe,10,50.78361605870053
sensitivity,probe_slow,low_yaw,20,always_probe,30,90.78361605870052
sensitivity,probe_slow,low_yaw,20,batch_aware,1,32.03761751340022
sensitivity,probe_slow,low_yaw,20,batch_aware,5,40.03761751340023
sensitivity,probe_slow,low_yaw,20,batch_aware,10,50.03761751340023
sensitivity,probe_slow,low_yaw,20,batch_aware,30,90.03761751340022
sensitivity,probe_slow,low_yaw,20,ignore_passive,1,32.78364850989973
sensitivity,probe_slow,low_yaw,20,ignore_passive,5,40.78364850989973
sensitivity,probe_slow,low_yaw,20,ignore_passive,10,50.78364850989973
sensitivity,probe_slow,low_yaw,20,ignore_passive,30,90.78364850989972
sensitivity,probe_slow,low_yaw,20,passive,1,32.036445587899664
sensitivity,probe_slow,low_yaw,20,passive,5,40.03644558789967
sensitivity,probe_slow,low_yaw,20,passive,10,50.03644558789967
sensitivity,probe_slow,low_yaw,20,passive,30,90.03644558789966
sensitivity,probe_slow,low_yaw,20,uncertainty_trigger,1,32.78366281479947
sensitivity,probe_slow,low_yaw,20,uncertainty_trigger,5,40.78366281479947
sensitivity,probe_slow,low_yaw,20,uncertainty_trigger,10,50.78366281479947
sensitivity,probe_slow,low_yaw,20,uncertainty_trigger,30,90.78366281479946
sensitivity,probe_slow,low_yaw,60,always_probe,1,95.92209725659967
sensitivity,probe_slow,low_yaw,60,always_probe,5,119.92209725659968
sensitivity,probe_slow,low_yaw,60,always_probe,10,149.92209725659967
sensitivity,probe_slow,low_yaw,60,always_probe,30,269.9220972565996
sensitivity,probe_slow,low_yaw,60,batch_aware,1,95.2528990153
sensitivity,probe_slow,low_yaw,60,batch_aware,5,119.2528990153
sensitivity,probe_slow,low_yaw,60,batch_aware,10,149.2528990153
sensitivity,probe_slow,low_yaw,60,batch_aware,30,269.2528990153
sensitivity,probe_slow,low_yaw,60,ignore_passive,1,95.92233750540098
sensitivity,probe_slow,low_yaw,60,ignore_passive,5,119.92233750540099
sensitivity,probe_slow,low_yaw,60,ignore_passive,10,149.92233750540098
sensitivity,probe_slow,low_yaw,60,ignore_passive,30,269.922337505401
sensitivity,probe_slow,low_yaw,60,passive,1,95.24947239769945
sensitivity,probe_slow,low_yaw,60,passive,5,119.24947239769945
sensitivity,probe_slow,low_yaw,60,passive,10,149.24947239769944
sensitivity,probe_slow,low_yaw,60,passive,30,269.24947239769944
sensitivity,probe_slow,low_yaw,60,uncertainty_trigger,1,95.9220705267995
sensitivity,probe_slow,low_yaw,60,uncertainty_trigger,5,119.9220705267995
sensitivity,probe_slow,low_yaw,60,uncertainty_trigger,10,149.92207052679947
sensitivity,probe_slow,low_yaw,60,uncertainty_trigger,30,269.9220705267995
sensitivity,allowance07,excited,20,always_probe,1,32.41839531710043
sensitivity,allowance07,excited,20,always_probe,5,40.41839531710043
sensitivity,allowance07,excited,20,always_probe,10,50.41839531710043
sensitivity,allowance07,excited,20,always_probe,30,90.41839531710042
sensitivity,allowance07,excited,20,batch_aware,1,31.703254822400073
sensitivity,allowance07,excited,20,batch_aware,5,39.70325482240007
sensitivity,allowance07,excited,20,batch_aware,10,49.70325482240007
sensitivity,allowance07,excited,20,batch_aware,30,89.70325482240005
sensitivity,allowance07,excited,20,ignore_passive,1,32.418514624399904
sensitivity,allowance07,excited,20,ignore_passive,5,40.418514624399904
sensitivity,allowance07,excited,20,ignore_passive,10,50.418514624399904
sensitivity,allowance07,excited,20,ignore_passive,30,90.41851462439989
sensitivity,allowance07,excited,20,passive,1,31.702145073799763
sensitivity,allowance07,excited,20,passive,5,39.70214507379976
sensitivity,allowance07,excited,20,passive,10,49.70214507379976
sensitivity,allowance07,excited,20,passive,30,89.70214507379976
sensitivity,allowance07,excited,20,uncertainty_trigger,1,32.41839878440019
sensitivity,allowance07,excited,20,uncertainty_trigger,5,40.41839878440019
sensitivity,allowance07,excited,20,uncertainty_trigger,10,50.41839878440019
sensitivity,allowance07,excited,20,uncertainty_trigger,30,90.41839878440018
sensitivity,allowance07,excited,60,always_probe,1,95.55704735190083
sensitivity,allowance07,excited,60,always_probe,5,119.55704735190083
sensitivity,allowance07,excited,60,always_probe,10,149.55704735190082
sensitivity,allowance07,excited,60,always_probe,30,269.55704735190085
sensitivity,allowance07,excited,60,batch_aware,1,94.84436627650122
sensitivity,allowance07,excited,60,batch_aware,5,118.84436627650123
sensitivity,allowance07,excited,60,batch_aware,10,148.84436627650123
sensitivity,allowance07,excited,60,batch_aware,30,268.8443662765012
sensitivity,allowance07,excited,60,ignore_passive,1,95.55699316820069
sensitivity,allowance07,excited,60,ignore_passive,5,119.55699316820069
sensitivity,allowance07,excited,60,ignore_passive,10,149.55699316820068
sensitivity,allowance07,excited,60,ignore_passive,30,269.5569931682007
sensitivity,allowance07,excited,60,passive,1,94.84065754580052
sensitivity,allowance07,excited,60,passive,5,118.84065754580054
sensitivity,allowance07,excited,60,passive,10,148.84065754580052
sensitivity,allowance07,excited,60,passive,30,268.8406575458005
sensitivity,allowance07,excited,60,uncertainty_trigger,1,95.55714152819982
sensitivity,allowance07,excited,60,uncertainty_trigger,5,119.55714152819982
sensitivity,allowance07,excited,60,uncertainty_trigger,10,149.5571415281998
sensitivity,allowance07,excited,60,uncertainty_trigger,30,269.55714152819985
sensitivity,allowance07,low_yaw,20,always_probe,1,32.41843362820059
sensitivity,allowance07,low_yaw,20,always_probe,5,40.41843362820059
sensitivity,allowance07,low_yaw,20,always_probe,10,50.41843362820059
sensitivity,allowance07,low_yaw,20,always_probe,30,90.41843362820057
sensitivity,allowance07,low_yaw,20,batch_aware,1,32.0377486893996
sensitivity,allowance07,low_yaw,20,batch_aware,5,40.037748689399606
sensitivity,allowance07,low_yaw,20,batch_aware,10,50.037748689399606
sensitivity,allowance07,low_yaw,20,batch_aware,30,90.03774868939959
sensitivity,allowance07,low_yaw,20,ignore_passive,1,32.418554258100315
sensitivity,allowance07,low_yaw,20,ignore_passive,5,40.418554258100315
sensitivity,allowance07,low_yaw,20,ignore_passive,10,50.418554258100315
sensitivity,allowance07,low_yaw,20,ignore_passive,30,90.4185542581003
sensitivity,allowance07,low_yaw,20,passive,1,32.0365043039004
sensitivity,allowance07,low_yaw,20,passive,5,40.03650430390041
sensitivity,allowance07,low_yaw,20,passive,10,50.03650430390041
sensitivity,allowance07,low_yaw,20,passive,30,90.0365043039004
sensitivity,allowance07,low_yaw,20,uncertainty_trigger,1,32.4185786601995
sensitivity,allowance07,low_yaw,20,uncertainty_trigger,5,40.4185786601995
sensitivity,allowance07,low_yaw,20,uncertainty_trigger,10,50.4185786601995
sensitivity,allowance07,low_yaw,20,uncertainty_trigger,30,90.41857866019949
sensitivity,allowance07,low_yaw,60,always_probe,1,95.55699832150057
sensitivity,allowance07,low_yaw,60,always_probe,5,119.55699832150057
sensitivity,allowance07,low_yaw,60,always_probe,10,149.55699832150054
sensitivity,allowance07,low_yaw,60,always_probe,30,269.5569983215006
sensitivity,allowance07,low_yaw,60,batch_aware,1,95.25317748339958
sensitivity,allowance07,low_yaw,60,batch_aware,5,119.25317748339958
sensitivity,allowance07,low_yaw,60,batch_aware,10,149.25317748339958
sensitivity,allowance07,low_yaw,60,batch_aware,30,269.25317748339955
sensitivity,allowance07,low_yaw,60,ignore_passive,1,95.5570625654992
sensitivity,allowance07,low_yaw,60,ignore_passive,5,119.5570625654992
sensitivity,allowance07,low_yaw,60,ignore_passive,10,149.55706256549917
sensitivity,allowance07,low_yaw,60,ignore_passive,30,269.5570625654992
sensitivity,allowance07,low_yaw,60,passive,1,95.24988839519965
sensitivity,allowance07,low_yaw,60,passive,5,119.24988839519965
sensitivity,allowance07,low_yaw,60,passive,10,149.24988839519966
sensitivity,allowance07,low_yaw,60,passive,30,269.24988839519966
sensitivity,allowance07,low_yaw,60,uncertainty_trigger,1,95.55687165509948
sensitivity,allowance07,low_yaw,60,uncertainty_trigger,5,119.55687165509948
sensitivity,allowance07,low_yaw,60,uncertainty_trigger,10,149.55687165509946
sensitivity,allowance07,low_yaw,60,uncertainty_trigger,30,269.5568716550995
sensitivity,allowance11,excited,20,always_probe,1,32.41841686500011
sensitivity,allowance11,excited,20,always_probe,5,40.41841686500011
sensitivity,allowance11,excited,20,always_probe,10,50.41841686500011
sensitivity,allowance11,excited,20,always_probe,30,90.4184168650001
sensitivity,allowance11,excited,20,batch_aware,1,31.703257674299834
sensitivity,allowance11,excited,20,batch_aware,5,39.703257674299834
sensitivity,allowance11,excited,20,batch_aware,10,49.703257674299834
sensitivity,allowance11,excited,20,batch_aware,30,89.70325767429982
sensitivity,allowance11,excited,20,ignore_passive,1,32.41847576070059
sensitivity,allowance11,excited,20,ignore_passive,5,40.41847576070059
sensitivity,allowance11,excited,20,ignore_passive,10,50.41847576070059
sensitivity,allowance11,excited,20,ignore_passive,30,90.41847576070057
sensitivity,allowance11,excited,20,passive,1,31.702038017300197
sensitivity,allowance11,excited,20,passive,5,39.7020380173002
sensitivity,allowance11,excited,20,passive,10,49.7020380173002
sensitivity,allowance11,excited,20,passive,30,89.70203801730018
sensitivity,allowance11,excited,20,uncertainty_trigger,1,32.4183907979007
sensitivity,allowance11,excited,20,uncertainty_trigger,5,40.4183907979007
sensitivity,allowance11,excited,20,uncertainty_trigger,10,50.4183907979007
sensitivity,allowance11,excited,20,uncertainty_trigger,30,90.41839079790068
sensitivity,allowance11,excited,60,always_probe,1,95.55693405089933
sensitivity,allowance11,excited,60,always_probe,5,119.55693405089933
sensitivity,allowance11,excited,60,always_probe,10,149.55693405089932
sensitivity,allowance11,excited,60,always_probe,30,269.5569340508993
sensitivity,allowance11,excited,60,batch_aware,1,94.84401738740067
sensitivity,allowance11,excited,60,batch_aware,5,118.84401738740068
sensitivity,allowance11,excited,60,batch_aware,10,148.8440173874007
sensitivity,allowance11,excited,60,batch_aware,30,268.84401738740064
sensitivity,allowance11,excited,60,ignore_passive,1,95.5569062575997
sensitivity,allowance11,excited,60,ignore_passive,5,119.5569062575997
sensitivity,allowance11,excited,60,ignore_passive,10,149.55690625759968
sensitivity,allowance11,excited,60,ignore_passive,30,269.55690625759973
sensitivity,allowance11,excited,60,passive,1,94.84042380719998
sensitivity,allowance11,excited,60,passive,5,118.8404238072
sensitivity,allowance11,excited,60,passive,10,148.8404238072
sensitivity,allowance11,excited,60,passive,30,268.84042380719995
sensitivity,allowance11,excited,60,uncertainty_trigger,1,95.55682613860054
sensitivity,allowance11,excited,60,uncertainty_trigger,5,119.55682613860054
sensitivity,allowance11,excited,60,uncertainty_trigger,10,149.5568261386005
sensitivity,allowance11,excited,60,uncertainty_trigger,30,269.5568261386005
sensitivity,allowance11,low_yaw,20,always_probe,1,32.41841380099991
sensitivity,allowance11,low_yaw,20,always_probe,5,40.41841380099991
sensitivity,allowance11,low_yaw,20,always_probe,10,50.41841380099991
sensitivity,allowance11,low_yaw,20,always_probe,30,90.4184138009999
sensitivity,allowance11,low_yaw,20,batch_aware,1,32.03769942200012
sensitivity,allowance11,low_yaw,20,batch_aware,5,40.037699422000124
sensitivity,allowance11,low_yaw,20,batch_aware,10,50.037699422000124
sensitivity,allowance11,low_yaw,20,batch_aware,30,90.03769942200012
sensitivity,allowance11,low_yaw,20,ignore_passive,1,32.418529236199944
sensitivity,allowance11,low_yaw,20,ignore_passive,5,40.418529236199944
sensitivity,allowance11,low_yaw,20,ignore_passive,10,50.418529236199944
sensitivity,allowance11,low_yaw,20,ignore_passive,30,90.41852923619993
sensitivity,allowance11,low_yaw,20,passive,1,32.036405142100115
sensitivity,allowance11,low_yaw,20,passive,5,40.03640514210012
sensitivity,allowance11,low_yaw,20,passive,10,50.03640514210012
sensitivity,allowance11,low_yaw,20,passive,30,90.03640514210011
sensitivity,allowance11,low_yaw,20,uncertainty_trigger,1,32.41862504909996
sensitivity,allowance11,low_yaw,20,uncertainty_trigger,5,40.41862504909996
sensitivity,allowance11,low_yaw,20,uncertainty_trigger,10,50.41862504909996
sensitivity,allowance11,low_yaw,20,uncertainty_trigger,30,90.41862504909994
sensitivity,allowance11,low_yaw,60,always_probe,1,95.55695755809953
sensitivity,allowance11,low_yaw,60,always_probe,5,119.55695755809953
sensitivity,allowance11,low_yaw,60,always_probe,10,149.5569575580995
sensitivity,allowance11,low_yaw,60,always_probe,30,269.5569575580995
sensitivity,allowance11,low_yaw,60,batch_aware,1,95.2535026503997
sensitivity,allowance11,low_yaw,60,batch_aware,5,119.2535026503997
sensitivity,allowance11,low_yaw,60,batch_aware,10,149.2535026503997
sensitivity,allowance11,low_yaw,60,batch_aware,30,269.2535026503997
sensitivity,allowance11,low_yaw,60,ignore_passive,1,95.55697602050013
sensitivity,allowance11,low_yaw,60,ignore_passive,5,119.55697602050013
sensitivity,allowance11,low_yaw,60,ignore_passive,10,149.55697602050012
sensitivity,allowance11,low_yaw,60,ignore_passive,30,269.55697602050014
sensitivity,allowance11,low_yaw,60,passive,1,95.24953672699903
sensitivity,allowance11,low_yaw,60,passive,5,119.24953672699903
sensitivity,allowance11,low_yaw,60,passive,10,149.24953672699903
sensitivity,allowance11,low_yaw,60,passive,30,269.24953672699905
sensitivity,allowance11,low_yaw,60,uncertainty_trigger,1,95.55694834810052
sensitivity,allowance11,low_yaw,60,uncertainty_trigger,5,119.55694834810052
sensitivity,allowance11,low_yaw,60,uncertainty_trigger,10,149.5569483481005
sensitivity,allowance11,low_yaw,60,uncertainty_trigger,30,269.5569483481005
mismatch,friction075,excited,20,always_probe,1,32.61103388123334
mismatch,friction075,excited,20,always_probe,5,40.61103388123333
mismatch,friction075,excited,20,always_probe,10,50.61103388123333
mismatch,friction075,excited,20,always_probe,30,90.61103388123334
mismatch,friction075,excited,20,batch_aware,1,31.895830471433143
mismatch,friction075,excited,20,batch_aware,5,39.89583047143314
mismatch,friction075,excited,20,batch_aware,10,49.89583047143314
mismatch,friction075,excited,20,batch_aware,30,89.89583047143316
mismatch,friction075,excited,20,ignore_passive,1,32.611135484166404
mismatch,friction075,excited,20,ignore_passive,5,40.6111354841664
mismatch,friction075,excited,20,ignore_passive,10,50.6111354841664
mismatch,friction075,excited,20,ignore_passive,30,90.6111354841664
mismatch,friction075,excited,20,oracle,1,33.054755809533056
mismatch,friction075,excited,20,oracle,5,33.054755809533056
mismatch,friction075,excited,20,oracle,10,33.054755809533056
mismatch,friction075,excited,20,oracle,30,33.054755809533056
mismatch,friction075,excited,20,passive,1,31.894632861566436
mismatch,friction075,excited,20,passive,5,39.89463286156644
mismatch,friction075,excited,20,passive,10,49.89463286156644
mismatch,friction075,excited,20,passive,30,89.89463286156645
mismatch,friction075,excited,20,uncertainty_trigger,1,32.61104733886637
mismatch,friction075,excited,20,uncertainty_trigger,5,40.61104733886636
mismatch,friction075,excited,20,uncertainty_trigger,10,50.61104733886636
mismatch,friction075,excited,20,uncertainty_trigger,30,90.61104733886636
mismatch,friction075,low_yaw,20,always_probe,1,32.61116641219985
mismatch,friction075,low_yaw,20,always_probe,5,40.61116641219984
mismatch,friction075,low_yaw,20,always_probe,10,50.61116641219984
mismatch,friction075,low_yaw,20,always_probe,30,90.61116641219984
mismatch,friction075,low_yaw,20,batch_aware,1,32.23663916913332
mismatch,friction075,low_yaw,20,batch_aware,5,40.236639169133326
mismatch,friction075,low_yaw,20,batch_aware,10,50.23663916913332
mismatch,friction075,low_yaw,20,batch_aware,30,90.23663916913333
mismatch,friction075,low_yaw,20,ignore_passive,1,32.611215474566634
mismatch,friction075,low_yaw,20,ignore_passive,5,40.61121547456663
mismatch,friction075,low_yaw,20,ignore_passive,10,50.61121547456663
mismatch,friction075,low_yaw,20,ignore_passive,30,90.6112154745666
mismatch,friction075,low_yaw,20,oracle,1,33.054860910466985
mismatch,friction075,low_yaw,20,oracle,5,33.054860910466985
mismatch,friction075,low_yaw,20,oracle,10,33.054860910466985
mismatch,friction075,low_yaw,20,oracle,30,33.054860910466985
mismatch,friction075,low_yaw,20,passive,1,32.235291966566756
mismatch,friction075,low_yaw,20,passive,5,40.23529196656677
mismatch,friction075,low_yaw,20,passive,10,50.235291966566756
mismatch,friction075,low_yaw,20,passive,30,90.23529196656676
mismatch,friction075,low_yaw,20,uncertainty_trigger,1,32.611206968466504
mismatch,friction075,low_yaw,20,uncertainty_trigger,5,40.6112069684665
mismatch,friction075,low_yaw,20,uncertainty_trigger,10,50.6112069684665
mismatch,friction075,low_yaw,20,uncertainty_trigger,30,90.6112069684665
mismatch,friction125,excited,20,always_probe,1,32.611410562533486
mismatch,friction125,excited,20,always_probe,5,40.611410562533486
mismatch,friction125,excited,20,always_probe,10,50.61141056253347
mismatch,friction125,excited,20,always_probe,30,90.61141056253346
mismatch,friction125,excited,20,batch_aware,1,31.896406817699972
mismatch,friction125,excited,20,batch_aware,5,39.89640681769997
mismatch,friction125,excited,20,batch_aware,10,49.896406817699976
mismatch,friction125,excited,20,batch_aware,30,89.89640681769998
mismatch,friction125,excited,20,ignore_passive,1,32.61151519343329
mismatch,friction125,excited,20,ignore_passive,5,40.6115151934333
mismatch,friction125,excited,20,ignore_passive,10,50.611515193433284
mismatch,friction125,excited,20,ignore_passive,30,90.61151519343328
mismatch,friction125,excited,20,oracle,1,33.05490451449994
mismatch,friction125,excited,20,oracle,5,33.05490451449994
mismatch,friction125,excited,20,oracle,10,33.05490451449994
mismatch,friction125,excited,20,oracle,30,33.05490451449994
mismatch,friction125,excited,20,passive,1,31.89503626530033
mismatch,friction125,excited,20,passive,5,39.89503626530033
mismatch,friction125,excited,20,passive,10,49.895036265300334
mismatch,friction125,excited,20,passive,30,89.89503626530035
mismatch,friction125,excited,20,uncertainty_trigger,1,32.6114466187333
mismatch,friction125,excited,20,uncertainty_trigger,5,40.611446618733304
mismatch,friction125,excited,20,uncertainty_trigger,10,50.61144661873329
mismatch,friction125,excited,20,uncertainty_trigger,30,90.61144661873328
mismatch,friction125,low_yaw,20,always_probe,1,32.611418994466625
mismatch,friction125,low_yaw,20,always_probe,5,40.611418994466625
mismatch,friction125,low_yaw,20,always_probe,10,50.61141899446661
mismatch,friction125,low_yaw,20,always_probe,30,90.61141899446662
mismatch,friction125,low_yaw,20,batch_aware,1,32.23188577553357
mismatch,friction125,low_yaw,20,batch_aware,5,40.23188577553357
mismatch,friction125,low_yaw,20,batch_aware,10,50.23188577553356
mismatch,friction125,low_yaw,20,batch_aware,30,90.23188577553357
mismatch,friction125,low_yaw,20,ignore_passive,1,32.61147057053337
mismatch,friction125,low_yaw,20,ignore_passive,5,40.61147057053337
mismatch,friction125,low_yaw,20,ignore_passive,10,50.611470570533356
mismatch,friction125,low_yaw,20,ignore_passive,30,90.61147057053336
mismatch,friction125,low_yaw,20,oracle,1,33.054880287066645
mismatch,friction125,low_yaw,20,oracle,5,33.054880287066645
mismatch,friction125,low_yaw,20,oracle,10,33.054880287066645
mismatch,friction125,low_yaw,20,oracle,30,33.054880287066645
mismatch,friction125,low_yaw,20,passive,1,32.23052342383303
mismatch,friction125,low_yaw,20,passive,5,40.23052342383303
mismatch,friction125,low_yaw,20,passive,10,50.23052342383302
mismatch,friction125,low_yaw,20,passive,30,90.23052342383303
mismatch,friction125,low_yaw,20,uncertainty_trigger,1,32.61141427670016
mismatch,friction125,low_yaw,20,uncertainty_trigger,5,40.61141427670017
mismatch,friction125,low_yaw,20,uncertainty_trigger,10,50.61141427670015
mismatch,friction125,low_yaw,20,uncertainty_trigger,30,90.61141427670015
mismatch,asymmetric,excited,20,always_probe,1,32.61109813273305
mismatch,asymmetric,excited,20,always_probe,5,40.61109813273304
mismatch,asymmetric,excited,20,always_probe,10,50.61109813273304
mismatch,asymmetric,excited,20,always_probe,30,90.61109813273305
mismatch,asymmetric,excited,20,batch_aware,1,31.895988009333447
mismatch,asymmetric,excited,20,batch_aware,5,39.89598800933345
mismatch,asymmetric,excited,20,batch_aware,10,49.89598800933345
mismatch,asymmetric,excited,20,batch_aware,30,89.89598800933345
mismatch,asymmetric,excited,20,ignore_passive,1,32.61125931866702
mismatch,asymmetric,excited,20,ignore_passive,5,40.61125931866702
mismatch,asymmetric,excited,20,ignore_passive,10,50.61125931866702
mismatch,asymmetric,excited,20,ignore_passive,30,90.611259318667
mismatch,asymmetric,excited,20,oracle,1,33.054812739433125
mismatch,asymmetric,excited,20,oracle,5,33.054812739433125
mismatch,asymmetric,excited,20,oracle,10,33.054812739433125
mismatch,asymmetric,excited,20,oracle,30,33.054812739433125
mismatch,asymmetric,excited,20,passive,1,31.89468621296684
mismatch,asymmetric,excited,20,passive,5,39.89468621296684
mismatch,asymmetric,excited,20,passive,10,49.89468621296684
mismatch,asymmetric,excited,20,passive,30,89.89468621296686
mismatch,asymmetric,excited,20,uncertainty_trigger,1,32.61114078176659
mismatch,asymmetric,excited,20,uncertainty_trigger,5,40.61114078176659
mismatch,asymmetric,excited,20,uncertainty_trigger,10,50.61114078176659
mismatch,asymmetric,excited,20,uncertainty_trigger,30,90.61114078176658
mismatch,asymmetric,low_yaw,20,always_probe,1,32.611052447466534
mismatch,asymmetric,low_yaw,20,always_probe,5,40.61105244746653
mismatch,asymmetric,low_yaw,20,always_probe,10,50.61105244746653
mismatch,asymmetric,low_yaw,20,always_probe,30,90.61105244746653
mismatch,asymmetric,low_yaw,20,batch_aware,1,32.23317198009976
mismatch,asymmetric,low_yaw,20,batch_aware,5,40.23317198009976
mismatch,asymmetric,low_yaw,20,batch_aware,10,50.23317198009976
mismatch,asymmetric,low_yaw,20,batch_aware,30,90.23317198009978
mismatch,asymmetric,low_yaw,20,ignore_passive,1,32.61112465436623
mismatch,asymmetric,low_yaw,20,ignore_passive,5,40.61112465436622
mismatch,asymmetric,low_yaw,20,ignore_passive,10,50.61112465436622
mismatch,asymmetric,low_yaw,20,ignore_passive,30,90.61112465436622
mismatch,asymmetric,low_yaw,20,oracle,1,33.05472057849986
mismatch,asymmetric,low_yaw,20,oracle,5,33.05472057849986
mismatch,asymmetric,low_yaw,20,oracle,10,33.05472057849986
mismatch,asymmetric,low_yaw,20,oracle,30,33.05472057849986
mismatch,asymmetric,low_yaw,20,passive,1,32.2318643705999
mismatch,asymmetric,low_yaw,20,passive,5,40.2318643705999
mismatch,asymmetric,low_yaw,20,passive,10,50.2318643705999
mismatch,asymmetric,low_yaw,20,passive,30,90.23186437059991
mismatch,asymmetric,low_yaw,20,uncertainty_trigger,1,32.6110861855669
mismatch,asymmetric,low_yaw,20,uncertainty_trigger,5,40.6110861855669
mismatch,asymmetric,low_yaw,20,uncertainty_trigger,10,50.6110861855669
mismatch,asymmetric,low_yaw,20,uncertainty_trigger,30,90.61108618556688
mismatch,physical_payload,excited,20,always_probe,1,32.61115125123292
mismatch,physical_payload,excited,20,always_probe,5,40.611151251232904
mismatch,physical_payload,excited,20,always_probe,10,50.611151251232904
mismatch,physical_payload,excited,20,always_probe,30,90.6111512512329
mismatch,physical_payload,excited,20,batch_aware,1,31.89621495940027
mismatch,physical_payload,excited,20,batch_aware,5,39.896214959400275
mismatch,physical_payload,excited,20,batch_aware,10,49.89621495940027
mismatch,physical_payload,excited,20,batch_aware,30,89.89621495940028
mismatch,physical_payload,excited,20,ignore_passive,1,32.61130565326652
mismatch,physical_payload,excited,20,ignore_passive,5,40.61130565326651
mismatch,physical_payload,excited,20,ignore_passive,10,50.61130565326651
mismatch,physical_payload,excited,20,ignore_passive,30,90.6113056532665
mismatch,physical_payload,excited,20,oracle,1,33.054836812133615
mismatch,physical_payload,excited,20,oracle,5,33.054836812133615
mismatch,physical_payload,excited,20,oracle,10,33.054836812133615
mismatch,physical_payload,excited,20,oracle,30,33.054836812133615
mismatch,physical_payload,excited,20,passive,1,31.89472498353343
mismatch,physical_payload,excited,20,passive,5,39.894724983533436
mismatch,physical_payload,excited,20,passive,10,49.89472498353343
mismatch,physical_payload,excited,20,passive,30,89.89472498353344
mismatch,physical_payload,excited,20,uncertainty_trigger,1,32.611144018366524
mismatch,physical_payload,excited,20,uncertainty_trigger,5,40.61114401836652
mismatch,physical_payload,excited,20,uncertainty_trigger,10,50.61114401836652
mismatch,physical_payload,excited,20,uncertainty_trigger,30,90.6111440183665
mismatch,physical_payload,low_yaw,20,always_probe,1,32.61105098396645
mismatch,physical_payload,low_yaw,20,always_probe,5,40.61105098396644
mismatch,physical_payload,low_yaw,20,always_probe,10,50.61105098396644
mismatch,physical_payload,low_yaw,20,always_probe,30,90.61105098396644
mismatch,physical_payload,low_yaw,20,batch_aware,1,32.33673847339959
mismatch,physical_payload,low_yaw,20,batch_aware,5,40.3367384733996
mismatch,physical_payload,low_yaw,20,batch_aware,10,50.3367384733996
mismatch,physical_payload,low_yaw,20,batch_aware,30,90.3367384733996
mismatch,physical_payload,low_yaw,20,ignore_passive,1,32.61109645150022
mismatch,physical_payload,low_yaw,20,ignore_passive,5,40.61109645150021
mismatch,physical_payload,low_yaw,20,ignore_passive,10,50.61109645150021
mismatch,physical_payload,low_yaw,20,ignore_passive,30,90.61109645150022
mismatch,physical_payload,low_yaw,20,oracle,1,33.05475495036661
mismatch,physical_payload,low_yaw,20,oracle,5,33.05475495036661
mismatch,physical_payload,low_yaw,20,oracle,10,33.05475495036661
mismatch,physical_payload,low_yaw,20,oracle,30,33.05475495036661
mismatch,physical_payload,low_yaw,20,passive,1,32.335503551566575
mismatch,physical_payload,low_yaw,20,passive,5,40.33550355156658
mismatch,physical_payload,low_yaw,20,passive,10,50.33550355156658
mismatch,physical_payload,low_yaw,20,passive,30,90.33550355156657
mismatch,physical_payload,low_yaw,20,uncertainty_trigger,1,32.61114574780015
mismatch,physical_payload,low_yaw,20,uncertainty_trigger,5,40.611145747800144
mismatch,physical_payload,low_yaw,20,uncertainty_trigger,10,50.611145747800144
mismatch,physical_payload,low_yaw,20,uncertainty_trigger,30,90.61114574780012
break_even,noise10,low_yaw,5,always_probe,1,8.889550387400204
break_even,noise10,low_yaw,5,always_probe,5,10.889550387400204
break_even,noise10,low_yaw,5,always_probe,10,13.389550387400202
break_even,noise10,low_yaw,5,always_probe,30,23.389550387400202
break_even,noise10,low_yaw,5,batch_aware,1,8.353896801400117
break_even,noise10,low_yaw,5,batch_aware,5,10.353896801400117
break_even,noise10,low_yaw,5,batch_aware,10,12.853896801400117
break_even,noise10,low_yaw,5,batch_aware,30,22.85389680140012
break_even,noise10,low_yaw,5,ignore_passive,1,8.35280237559997
break_even,noise10,low_yaw,5,ignore_passive,5,10.35280237559997
break_even,noise10,low_yaw,5,ignore_passive,10,12.85280237559997
break_even,noise10,low_yaw,5,ignore_passive,30,22.85280237559997
break_even,noise10,low_yaw,5,passive,1,8.353339863399935
break_even,noise10,low_yaw,5,passive,5,10.353339863399935
break_even,noise10,low_yaw,5,passive,10,12.853339863399935
break_even,noise10,low_yaw,5,passive,30,22.85333986339994
break_even,noise10,low_yaw,5,uncertainty_trigger,1,8.889519515500224
break_even,noise10,low_yaw,5,uncertainty_trigger,5,10.889519515500224
break_even,noise10,low_yaw,5,uncertainty_trigger,10,13.389519515500222
break_even,noise10,low_yaw,5,uncertainty_trigger,30,23.389519515500222
break_even,noise10,low_yaw,10,always_probe,1,16.90780745300025
break_even,noise10,low_yaw,10,always_probe,5,20.90780745300025
break_even,noise10,low_yaw,10,always_probe,10,25.90780745300025
break_even,noise10,low_yaw,10,always_probe,30,45.907807453000245
break_even,noise10,low_yaw,10,batch_aware,1,16.59424392730013
break_even,noise10,low_yaw,10,batch_aware,5,20.59424392730013
break_even,noise10,low_yaw,10,batch_aware,10,25.59424392730013
break_even,noise10,low_yaw,10,batch_aware,30,45.59424392730013
break_even,noise10,low_yaw,10,ignore_passive,1,16.697267143100056
break_even,noise10,low_yaw,10,ignore_passive,5,20.697267143100056
break_even,noise10,low_yaw,10,ignore_passive,10,25.697267143100056
break_even,noise10,low_yaw,10,ignore_passive,30,45.69726714310005
break_even,noise10,low_yaw,10,passive,1,16.593633781699616
break_even,noise10,low_yaw,10,passive,5,20.593633781699616
break_even,noise10,low_yaw,10,passive,10,25.593633781699616
break_even,noise10,low_yaw,10,passive,30,45.59363378169961
break_even,noise10,low_yaw,10,uncertainty_trigger,1,16.907804039299513
break_even,noise10,low_yaw,10,uncertainty_trigger,5,20.907804039299513
break_even,noise10,low_yaw,10,uncertainty_trigger,10,25.907804039299513
break_even,noise10,low_yaw,10,uncertainty_trigger,30,45.90780403929951
break_even,noise10,low_yaw,15,always_probe,1,24.926068538499667
break_even,noise10,low_yaw,15,always_probe,5,30.926068538499663
break_even,noise10,low_yaw,15,always_probe,10,38.42606853849966
break_even,noise10,low_yaw,15,always_probe,30,68.42606853849966
break_even,noise10,low_yaw,15,batch_aware,1,24.79298785770004
break_even,noise10,low_yaw,15,batch_aware,5,30.792987857700048
break_even,noise10,low_yaw,15,batch_aware,10,38.29298785770005
break_even,noise10,low_yaw,15,batch_aware,30,68.29298785770004
break_even,noise10,low_yaw,15,ignore_passive,1,24.92613271470055
break_even,noise10,low_yaw,15,ignore_passive,5,30.92613271470055
break_even,noise10,low_yaw,15,ignore_passive,10,38.42613271470055
break_even,noise10,low_yaw,15,ignore_passive,30,68.42613271470054
break_even,noise10,low_yaw,15,passive,1,24.79207198689994
break_even,noise10,low_yaw,15,passive,5,30.79207198689995
break_even,noise10,low_yaw,15,passive,10,38.29207198689995
break_even,noise10,low_yaw,15,passive,30,68.29207198689994
break_even,noise10,low_yaw,15,uncertainty_trigger,1,24.926089506499974
break_even,noise10,low_yaw,15,uncertainty_trigger,5,30.92608950649997
break_even,noise10,low_yaw,15,uncertainty_trigger,10,38.42608950649997
break_even,noise10,low_yaw,15,uncertainty_trigger,30,68.42608950649996
break_even,noise10,low_yaw,25,always_probe,1,40.96273092900032
break_even,noise10,low_yaw,25,always_probe,5,50.96273092900032
break_even,noise10,low_yaw,25,always_probe,10,63.46273092900033
break_even,noise10,low_yaw,25,always_probe,30,113.46273092900034
break_even,noise10,low_yaw,25,batch_aware,1,40.964197874700034
break_even,noise10,low_yaw,25,batch_aware,5,50.964197874700034
break_even,noise10,low_yaw,25,batch_aware,10,63.46419787470004
break_even,noise10,low_yaw,25,batch_aware,30,113.46419787470006
break_even,noise10,low_yaw,25,ignore_passive,1,40.9627933526006
break_even,noise10,low_yaw,25,ignore_passive,5,50.9627933526006
break_even,noise10,low_yaw,25,ignore_passive,10,63.4627933526006
break_even,noise10,low_yaw,25,ignore_passive,30,113.46279335260063
break_even,noise10,low_yaw,25,passive,1,41.123504308799816
break_even,noise10,low_yaw,25,passive,5,51.123504308799816
break_even,noise10,low_yaw,25,passive,10,63.62350430879981
break_even,noise10,low_yaw,25,passive,30,113.62350430879982
break_even,noise10,low_yaw,25,uncertainty_trigger,1,40.962660975699364
break_even,noise10,low_yaw,25,uncertainty_trigger,5,50.962660975699364
break_even,noise10,low_yaw,25,uncertainty_trigger,10,63.46266097569937
break_even,noise10,low_yaw,25,uncertainty_trigger,30,113.4626609756994
break_even,noise10,low_yaw,30,always_probe,1,48.98096629049998
break_even,noise10,low_yaw,30,always_probe,5,60.98096629049998
break_even,noise10,low_yaw,30,always_probe,10,75.98096629049998
break_even,noise10,low_yaw,30,always_probe,30,135.9809662905
break_even,noise10,low_yaw,30,batch_aware,1,48.98270783429991
break_even,noise10,low_yaw,30,batch_aware,5,60.9827078342999
break_even,noise10,low_yaw,30,batch_aware,10,75.9827078342999
break_even,noise10,low_yaw,30,batch_aware,30,135.9827078342999
break_even,noise10,low_yaw,30,ignore_passive,1,48.98098217269964
break_even,noise10,low_yaw,30,ignore_passive,5,60.98098217269963
break_even,noise10,low_yaw,30,ignore_passive,10,75.98098217269964
break_even,noise10,low_yaw,30,ignore_passive,30,135.98098217269964
break_even,noise10,low_yaw,30,passive,1,49.26836005550008
break_even,noise10,low_yaw,30,passive,5,61.26836005550007
break_even,noise10,low_yaw,30,passive,10,76.26836005550007
break_even,noise10,low_yaw,30,passive,30,136.26836005550007
break_even,noise10,low_yaw,30,uncertainty_trigger,1,48.980951326599524
break_even,noise10,low_yaw,30,uncertainty_trigger,5,60.98095132659952
break_even,noise10,low_yaw,30,uncertainty_trigger,10,75.98095132659952
break_even,noise10,low_yaw,30,uncertainty_trigger,30,135.98095132659952
