seed,N,family,method,dt,friction_scale,true_mass,true_inertia,completed,success,robot_time_s,planning_s,penalized_time_s,probes,predicted_probe_gain_s,first_duration_s,estimate_mass,estimate_inertia,sd_mass,sd_inertia,post_grasp_sd_mass,post_grasp_sd_inertia,mass_covered,inertia_covered,max_segment_saturation,max_velocity_ratio,max_acceleration_ratio,max_terminal_position_mm,max_terminal_yaw_deg
11,1,excited,fixed_nominal,0.002,1.0,0.3799982838768795,0.013483390836122645,1,1,2.084,0.0001837559999557925,2.084183755999956,0,nan,0.875,0.8,0.012,0.5,0.008,0.5,0.008,1,1,0.0,0.7450141815017484,0.6972519312983042,0.625423870578742,0.05888439803447043
11,1,excited,passive,0.002,1.0,0.3799982838768795,0.013483390836122645,1,1,1.836,7.860799985337508e-05,1.8360786079998535,0,nan,0.8,0.38033595466525816,0.013572587267780316,0.0038969898927215356,0.00025920080565861975,0.01200136502704634,0.007990221617378675,1,1,0.0,0.745116032745686,0.6972519312983042,0.15793851661263061,0.02045132476353876
11,1,excited,always_probe,0.002,1.0,0.3799982838768795,0.013483390836122645,1,1,2.632,7.746599987967784e-05,2.63207746599988,1,nan,0.7000000000000001,0.37948994050806933,0.01350823343827869,0.0029219317814371056,0.00012167789487913411,0.01200136502704634,0.007990221617378675,1,1,0.0,0.7451248549442717,0.6972519312983042,0.20306001487138475,0.024944704367096112
11,1,excited,batch_aware,0.002,1.0,0.3799982838768795,0.013483390836122645,1,1,1.836,0.00016734100006488006,1.836167341000065,0,-0.8,0.8,0.38033595466525816,0.013572587267780316,0.0038969898927215356,0.00025920080565861975,0.01200136502704634,0.007990221617378675,1,1,0.0,0.745116032745686,0.6972519312983042,0.15793851661263061,0.02045132476353876
11,1,excited,ignore_passive,0.002,1.0,0.3799982838768795,0.013483390836122645,1,1,1.836,0.00015776699990510679,1.8361577669999052,0,-0.8,0.8,0.38033595466525816,0.013572587267780316,0.0038969898927215356,0.00025920080565861975,0.01200136502704634,0.007990221617378675,1,1,0.0,0.745116032745686,0.6972519312983042,0.15793851661263061,0.02045132476353876
11,1,excited,oracle,0.002,1.0,0.3799982838768795,0.013483390836122645,1,1,1.692,7.641499996680068e-05,1.6920764149999667,0,nan,0.7000000000000001,0.3799982838768795,0.013483390836122645,1e-10,1e-10,1e-10,1e-10,1,1,0.0,0.7451244219344786,0.5293190151781253,0.20363187868063876,0.021638157337752508
12,1,excited,fixed_nominal,0.002,1.0,0.5511542413518247,0.023775317685766767,1,1,1.9360000000000004,6.616899997879955e-05,1.9360661689999792,0,nan,0.8500000000000001,0.8,0.012,0.5,0.008,0.5,0.008,1,1,0.0,0.7668294353366205,0.5858304164510736,0.713442818179448,0.326318137259026
12,1,excited,passive,0.002,1.0,0.5511542413518247,0.023775317685766767,1,1,1.6920000000000002,5.615300005956669e-05,1.6920561530000597,0,nan,0.75,0.5513933205475127,0.023705121662877277,0.004131286177480009,0.00026818489582935994,0.016203789312690394,0.00799989246943375,1,1,0.0,0.766892234835691,0.5863491826561404,0.5511990122816706,0.02290032094276561
12,1,excited,always_probe,0.002,1.0,0.5511542413518247,0.023775317685766767,1,1,2.4880000000000004,5.5513999996037455e-05,2.4880555139999965,1,nan,0.65,0.5512251260220801,0.023801815711044512,0.0030226630239807116,0.0001313995942222824,0.016203789312690394,0.00799989246943375,1,1,0.0,0.766899419412273,0.6431376409055417,0.5511990122816706,0.025411252810633174
12,1,excited,batch_aware,0.002,1.0,0.5511542413518247,0.023775317685766767,1,1,1.6920000000000002,0.00012355599994862132,1.6921235559999488,0,-0.8,0.75,0.5513933205475127,0.023705121662877277,0.004131286177480009,0.00026818489582935994,0.016203789312690394,0.00799989246943375,1,1,0.0,0.766892234835691,0.5863491826561404,0.5511990122816706,0.02290032094276561
12,1,excited,ignore_passive,0.002,1.0,0.5511542413518247,0.023775317685766767,1,1,1.6920000000000002,0.00011463299995284615,1.692114632999953,0,-0.8,0.75,0.5513933205475127,0.023705121662877277,0.004131286177480009,0.00026818489582935994,0.016203789312690394,0.00799989246943375,1,1,0.0,0.766892234835691,0.5863491826561404,0.5511990122816706,0.02290032094276561
12,1,excited,oracle,0.002,1.0,0.5511542413518247,0.023775317685766767,1,1,1.592,5.654400001731119e-05,1.5920565440000174,0,nan,0.65,0.5511542413518247,0.023775317685766767,1e-10,1e-10,1e-10,1e-10,1,1,0.0,0.7668994257213575,0.5864065768021645,0.22499879716690957,0.0260444263020126
13,1,excited,fixed_nominal,0.002,1.0,1.4107166218232212,0.021671957843437353,1,1,2.128,7.284000014351477e-05,2.1280728400001436,0,nan,0.875,0.8,0.012,0.5,0.008,0.5,0.008,1,1,0.0,0.7620861181765193,0.5435307110168699,0.9785294072259126,0.24752773129247244
13,1,excited,passive,0.002,1.0,1.4107166218232212,0.021671957843437353,1,1,1.848,8.82419999470585e-05,1.8480882419999471,0,nan,0.8,1.4106247152698992,0.0216005316556515,0.003908704205045054,0.0002716669648669114,0.009652790399134272,0.007982716575158354,1,1,0.0,0.7619789568759245,0.8380003541167291,0.1670280282438206,0.02194540307946041
13,1,excited,always_probe,0.002,1.0,1.4107166218232212,0.021671957843437353,1,1,2.644,7.679499992718775e-05,2.6440767949999273,1,nan,0.7000000000000001,1.4109469026387018,0.021662948492119794,0.0029686775860382508,0.00013042842466445248,0.009652790399134272,0.007982716575158354,1,1,0.0,0.7619851269751119,0.8380003541167291,0.1912884137846881,0.02190949397590686
13,1,excited,batch_aware,0.002,1.0,1.4107166218232212,0.021671957843437353,1,1,1.848,0.00016205300005367462,1.8481620530000538,0,-0.8,0.8,1.4106247152698992,0.0216005316556515,0.003908704205045054,0.0002716669648669114,0.009652790399134272,0.007982716575158354,1,1,0.0,0.7619789568759245,0.8380003541167291,0.1670280282438206,0.02194540307946041
13,1,excited,ignore_passive,0.002,1.0,1.4107166218232212,0.021671957843437353,1,1,1.848,0.00015447099997345504,1.8481544709999735,0,-0.8,0.8,1.4106247152698992,0.0216005316556515,0.003908704205045054,0.0002716669648669114,0.009652790399134272,0.007982716575158354,1,1,0.0,0.7619789568759245,0.8380003541167291,0.1670280282438206,0.02194540307946041
13,1,excited,oracle,0.002,1.0,1.4107166218232212,0.021671957843437353,1,1,1.692,7.577300004868448e-05,1.6920757730000486,0,nan,0.7000000000000001,1.4107166218232212,0.021671957843437353,1e-10,1e-10,1e-10,1e-10,1,1,0.0,0.7619851610858048,0.5405522991423802,0.1908564141244883,0.02190947421962429
14,1,excited,fixed_nominal,0.002,1.0,1.363376646444756,0.010301773337187901,1,1,2.1100000000000003,7.499400010146928e-05,2.110074994000102,0,nan,0.875,0.8,0.012,0.5,0.008,0.5,0.008,1,1,0.0,0.7535127149496602,0.5355818465229503,0.9080520133507142,0.04833272844263397
14,1,excited,passive,0.002,1.0,1.363376646444756,0.010301773337187901,1,1,1.846,7.819700010713859e-05,1.8460781970001072,0,nan,0.8,1.3643879027102483,0.010383155029135819,0.003902154737586965,0.00023301717228209034,0.009647337395556777,0.007995780271623579,1,1,0.0,0.753360042597542,0.7662927036768283,0.15904261531213032,0.021697898891968555
14,1,excited,always_probe,0.002,1.0,1.363376646444756,0.010301773337187901,1,1,2.6420000000000003,8.211299996219168e-05,2.6420821129999625,1,nan,0.7000000000000001,1.3631802768967076,0.010339335379169473,0.002963270569055963,0.00011522597724779116,0.009647337395556777,0.007995780271623579,1,1,0.0,0.7533649433356052,0.7662927036768283,0.1850950755337748,0.032344839229813904
14,1,excited,batch_aware,0.002,1.0,1.363376646444756,0.010301773337187901,1,1,1.846,0.0001639760000671231,1.8461639760000672,0,-0.8,0.8,1.3643879027102483,0.010383155029135819,0.003902154737586965,0.00023301717228209034,0.009647337395556777,0.007995780271623579,1,1,0.0,0.753360042597542,0.7662927036768283,0.15904261531213032,0.021697898891968555
14,1,excited,ignore_passive,0.002,1.0,1.363376646444756,0.010301773337187901,1,1,1.846,0.00015290900012132624,1.8461529090001214,0,-0.8,0.8,1.3643879027102483,0.010383155029135819,0.003902154737586965,0.00023301717228209034,0.009647337395556777,0.007995780271623579,1,1,0.0,0.753360042597542,0.7662927036768283,0.15904261531213032,0.021697898891968555
14,1,excited,oracle,0.002,1.0,1.363376646444756,0.010301773337187901,1,1,1.692,7.523399995079671e-05,1.6920752339999507,0,nan,0.7000000000000001,1.363376646444756,0.010301773337187901,1e-10,1e-10,1e-10,1e-10,1,1,0.0,0.7533647932267606,0.53457540441951,0.18529617131160464,0.021689241234472884
15,1,excited,fixed_nominal,0.002,1.0,1.1698407151512134,0.02076379356072932,1,1,2.02,7.094700004017795e-05,2.02007094700004,0,nan,0.8500000000000001,0.8,0.012,0.5,0.008,0.5,0.008,1,1,0.0,0.7513636082254268,0.5530511665864362,0.6004854465615038,0.21236670888243853
15,1,excited,passive,0.002,1.0,1.1698407151512134,0.02076379356072932,1,1,1.778,7.423199997447227e-05,1.7780742319999745,0,nan,0.775,1.1695710324391904,0.020741957436244532,0.003979652815715214,0.00027143126272464384,0.011665342729576198,0.007998179918428156,1,1,0.0,0.7512790272787864,0.5529879864854962,0.2013404754516175,0.025240309537694225
15,1,excited,always_probe,0.002,1.0,1.1698407151512134,0.02076379356072932,1,1,2.574,8.415499985403585e-05,2.574084154999854,1,nan,0.675,1.1693116777149666,0.020752797333741947,0.0029871213582530337,0.00012945317898979634,0.011665342729576198,0.007998179918428156,1,1,0.0,0.7512869134980045,0.6110256991184654,0.21045610439779064,0.02519527654277281
15,1,excited,batch_aware,0.002,1.0,1.1698407151512134,0.02076379356072932,1,1,1.778,0.0001522189999150214,1.778152218999915,0,-0.8,0.775,1.1695710324391904,0.020741957436244532,0.003979652815715214,0.00027143126272464384,0.011665342729576198,0.007998179918428156,1,1,0.0,0.7512790272787864,0.5529879864854962,0.2013404754516175,0.025240309537694225
15,1,excited,ignore_passive,0.002,1.0,1.1698407151512134,0.02076379356072932,1,1,1.778,0.00014195300002484146,1.7781419530000249,0,-0.8,0.775,1.1695710324391904,0.020741957436244532,0.003979652815715214,0.00027143126272464384,0.011665342729576198,0.007998179918428156,1,1,0.0,0.7512790272787864,0.5529879864854962,0.2013404754516175,0.025240309537694225
15,1,excited,oracle,0.002,1.0,1.1698407151512134,0.02076379356072932,1,1,1.644,0.0001257190000387709,1.6441257190000387,0,nan,0.675,1.1698407151512134,0.02076379356072932,1e-10,1e-10,1e-10,1e-10,1,1,0.0,0.7512865530380336,0.552993031533485,0.21046469569559362,0.02519801502294821
11,5,excited,fixed_nominal,0.002,1.0,0.3799982838768795,0.013483390836122645,5,1,10.42,0.00040539900021485664,10.420405399000215,0,nan,0.875,0.8,0.012,0.5,0.008,0.5,0.008,1,1,0.0,0.7450826961049002,0.7094724905642746,0.6265649555623547,0.06066299924485698
11,5,excited,passive,0.002,1.0,0.3799982838768795,0.013483390836122645,5,1,8.604000000000001,0.0004022340001483826,8.60440223400015,0,nan,0.8,0.3803553421538602,0.013450850029030596,0.0018690217648352177,9.830581136218497e-05,0.01200136502704634,0.007990221617378675,1,1,0.0,0.7451915354710342,0.6972519312983042,0.2037304683611,0.023711348218567147
11,5,excited,always_probe,0.002,1.0,0.3799982838768795,0.013483390836122645,5,1,9.4,0.0004093440001042836,9.400409344000105,1,nan,0.7000000000000001,0.3800588349820868,0.013464067178124393,0.0017211979875050578,8.002779702244292e-05,0.01200136502704634,0.007990221617378675,1,1,0.0,0.7451916593357049,0.6972519312983042,0.20348293346453322,0.024944704367096112
11,5,excited,batch_aware,0.002,1.0,0.3799982838768795,0.013483390836122645,5,1,8.604000000000001,0.0007789589998310475,8.604778958999832,0,-0.8000000000000004,0.8,0.3803553421538602,0.013450850029030596,0.0018690217648352177,9.830581136218497e-05,0.01200136502704634,0.007990221617378675,1,1,0.0,0.7451915354710342,0.6972519312983042,0.2037304683611,0.023711348218567147
11,5,excited,ignore_passive,0.002,1.0,0.3799982838768795,0.013483390836122645,5,1,8.604000000000001,0.00045677499997509585,8.604456774999976,0,-0.40000000000000013,0.8,0.3803553421538602,0.013450850029030596,0.0018690217648352177,9.830581136218497e-05,0.01200136502704634,0.007990221617378675,1,1,0.0,0.7451915354710342,0.6972519312983042,0.2037304683611,0.023711348218567147
11,5,excited,oracle,0.002,1.0,0.3799982838768795,0.013483390836122645,5,1,8.46,0.00040552899997692293,8.460405528999978,0,nan,0.7000000000000001,0.3799982838768795,0.013483390836122645,1e-10,1e-10,1e-10,1e-10,1,1,0.0,0.7451917140434625,0.5302634141514135,0.20363187868063876,0.02347743221082405
12,5,excited,fixed_nominal,0.002,1.0,0.5511542413518247,0.023775317685766767,5,1,9.676000000000002,0.00036398800011738786,9.67636398800012,0,nan,0.8500000000000001,0.8,0.012,0.5,0.008,0.5,0.008,1,1,0.0,0.7669322142599427,0.5858304164510736,0.7254566940288862,0.3273916215526663
12,5,excited,passive,0.002,1.0,0.5511542413518247,0.023775317685766767,5,1,8.06,0.00028539799995996873,8.06028539799996,0,nan,0.75,0.5521163320803303,0.023783800305508536,0.0019504011036553174,0.00010117694330809248,0.016203789312690394,0.00799989246943375,1,1,0.0,0.7670045932639958,0.5863491826561404,0.5511990122816706,0.027482390899931743
12,5,excited,always_probe,0.002,1.0,0.5511542413518247,0.023775317685766767,5,1,8.856000000000002,0.0002837399998725232,8.856283739999874,1,nan,0.65,0.5519404440981154,0.02379887581353931,0.0017853197143159144,8.402973351006809e-05,0.016203789312690394,0.00799989246943375,1,1,0.0,0.7670046885370954,0.6431376409055417,0.5511990122816706,0.02660580445009665
12,5,excited,batch_aware,0.002,1.0,0.5511542413518247,0.023775317685766767,5,1,8.06,0.0005852899996625638,8.060585289999663,0,-0.7999999999999999,0.75,0.5521163320803303,0.023783800305508536,0.0019504011036553174,0.00010117694330809248,0.016203789312690394,0.00799989246943375,1,1,0.0,0.7670045932639958,0.5863491826561404,0.5511990122816706,0.027482390899931743
12,5,excited,ignore_passive,0.002,1.0,0.5511542413518247,0.023775317685766767,5,1,8.06,0.000351408999904379,8.060351408999905,0,-0.40000000000000013,0.75,0.5521163320803303,0.023783800305508536,0.0019504011036553174,0.00010117694330809248,0.016203789312690394,0.00799989246943375,1,1,0.0,0.7670045932639958,0.5863491826561404,0.5511990122816706,0.027482390899931743
12,5,excited,oracle,0.002,1.0,0.5511542413518247,0.023775317685766767,5,1,7.960000000000002,0.0002947319998156672,7.960294731999817,0,nan,0.65,0.5511542413518247,0.023775317685766767,1e-10,1e-10,1e-10,1e-10,1,1,0.0,0.7670048155417997,0.5864065768021645,0.2407199145288759,0.026653806359128143
13,5,excited,fixed_nominal,0.002,1.0,1.4107166218232212,0.021671957843437353,5,1,10.638,0.0003622050001013122,10.638362205000101,0,nan,0.875,0.8,0.012,0.5,0.008,0.5,0.008,1,1,0.0,0.7621957014827341,0.5435307110168699,0.9843762139016563,0.24984095430506453
13,5,excited,passive,0.002,1.0,1.4107166218232212,0.021671957843437353,5,1,8.616,0.00040466099994773685,8.616404660999947,0,nan,0.8,1.4101509180089018,0.02169588967187379,0.0019179143221802761,0.00010346724226830854,0.009652790399134272,0.007982716575158354,1,1,0.0,0.7620970738241155,0.8380003541167291,0.2037236217642284,0.02284109679833537
13,5,excited,always_probe,0.002,1.0,1.4107166218232212,0.021671957843437353,5,1,9.412,0.0003776070001322296,9.412377607000133,1,nan,0.7000000000000001,1.4103363238227757,0.021691229714334508,0.0017681320108923057,8.492555860825108e-05,0.009652790399134272,0.007982716575158354,1,1,0.0,0.7620969313625331,0.8380003541167291,0.2038062861443627,0.0230324217579145
13,5,excited,batch_aware,0.002,1.0,1.4107166218232212,0.021671957843437353,5,1,8.616,0.0008129029999963677,8.616812902999996,0,-0.8000000000000004,0.8,1.4101509180089018,0.02169588967187379,0.0019179143221802761,0.00010346724226830854,0.009652790399134272,0.007982716575158354,1,1,0.0,0.7620970738241155,0.8380003541167291,0.2037236217642284,0.02284109679833537
13,5,excited,ignore_passive,0.002,1.0,1.4107166218232212,0.021671957843437353,5,1,8.616,0.0004737429999295273,8.61647374299993,0,-0.40000000000000013,0.8,1.4101509180089018,0.02169588967187379,0.0019179143221802761,0.00010346724226830854,0.009652790399134272,0.007982716575158354,1,1,0.0,0.7620970738241155,0.8380003541167291,0.2037236217642284,0.02284109679833537
13,5,excited,oracle,0.002,1.0,1.4107166218232212,0.021671957843437353,5,1,8.46,0.0004097260000435199,8.460409726000044,0,nan,0.7000000000000001,1.4107166218232212,0.021671957843437353,1e-10,1e-10,1e-10,1e-10,1,1,0.0,0.7620968617723028,0.5405522991423802,0.2039429413882585,0.023465145651069243
14,5,excited,fixed_nominal,0.002,1.0,1.363376646444756,0.010301773337187901,5,1,10.549999999999999,0.000419931999772416,10.550419931999771,0,nan,0.875,0.8,0.012,0.5,0.008,0.5,0.008,1,1,0.0,0.7535127149496602,0.5355818465229503,0.9080520133507142,0.05101608833211422
14,5,excited,passive,0.002,1.0,1.363376646444756,0.010301773337187901,5,1,8.614,0.00041447399985372613,8.614414473999854,0,nan,0.8,1.3638431963061293,0.010296325322188415,0.0019145547835094333,8.81180923675619e-05,0.009647337395556777,0.007995780271623579,1,1,0.0,0.753360042597542,0.7662927036768283,0.2099114290883648,0.02611175444264845
14,5,excited,always_probe,0.002,1.0,1.363376646444756,0.010301773337187901,5,1,9.41,0.00044842299985248246,9.410448422999853,1,nan,0.7000000000000001,1.3634965882211807,0.010305149336476256,0.00176493123576245,7.33876906929507e-05,0.009647337395556777,0.007995780271623579,1,1,0.0,0.7533649433356052,0.7662927036768283,0.20975770986055586,0.032344839229813904
14,5,excited,batch_aware,0.002,1.0,1.363376646444756,0.010301773337187901,5,1,8.614,0.0007680549999804498,8.614768054999981,0,-0.8000000000000004,0.8,1.3638431963061293,0.010296325322188415,0.0019145547835094333,8.81180923675619e-05,0.009647337395556777,0.007995780271623579,1,1,0.0,0.753360042597542,0.7662927036768283,0.2099114290883648,0.02611175444264845
14,5,excited,ignore_passive,0.002,1.0,1.363376646444756,0.010301773337187901,5,1,8.614,0.0006418870001425603,8.614641887000143,0,-0.40000000000000013,0.8,1.3638431963061293,0.010296325322188415,0.0019145547835094333,8.81180923675619e-05,0.009647337395556777,0.007995780271623579,1,1,0.0,0.753360042597542,0.7662927036768283,0.2099114290883648,0.02611175444264845
14,5,excited,oracle,0.002,1.0,1.363376646444756,0.010301773337187901,5,1,8.46,0.00037848900024073373,8.460378489000242,0,nan,0.7000000000000001,1.363376646444756,0.010301773337187901,1e-10,1e-10,1e-10,1e-10,1,1,0.0,0.7533647932267606,0.53457540441951,0.2098180560912299,0.025571679234847513
15,5,excited,fixed_nominal,0.002,1.0,1.1698407151512134,0.02076379356072932,5,1,10.1,0.00033388200006356783,10.100333882000063,0,nan,0.8500000000000001,0.8,0.012,0.5,0.008,0.5,0.008,1,1,0.0,0.7514811782630236,0.5545136648719475,0.6054228190865506,0.21341226057561127
15,5,excited,passive,0.002,1.0,1.1698407151512134,0.02076379356072932,5,1,8.354,0.0003631059998951969,8.354363105999894,0,nan,0.775,1.1699716079304416,0.020764399551926015,0.0019122438853971426,0.00010298745997226216,0.011665342729576198,0.007998179918428156,1,1,0.0,0.7514025622853151,0.5539374890725974,0.21138103585181714,0.025240309537694225
15,5,excited,always_probe,0.002,1.0,1.1698407151512134,0.02076379356072932,5,1,9.15,0.00039616399988062767,9.150396163999881,1,nan,0.675,1.1698206565110671,0.02076163439282185,0.001761161699869196,8.440451562374968e-05,0.011665342729576198,0.007998179918428156,1,1,0.0,0.7514026132198746,0.6110256991184654,0.21131784173329315,0.02519527654277281
15,5,excited,batch_aware,0.002,1.0,1.1698407151512134,0.02076379356072932,5,1,8.354,0.0009707899998829816,8.354970789999882,0,-0.7999999999999999,0.775,1.1699716079304416,0.020764399551926015,0.0019122438853971426,0.00010298745997226216,0.011665342729576198,0.007998179918428156,1,1,0.0,0.7514025622853151,0.5539374890725974,0.21138103585181714,0.025240309537694225
15,5,excited,ignore_passive,0.002,1.0,1.1698407151512134,0.02076379356072932,5,1,8.354,0.0004191309999441728,8.354419130999943,0,-0.40000000000000013,0.775,1.1699716079304416,0.020764399551926015,0.0019122438853971426,0.00010298745997226216,0.011665342729576198,0.007998179918428156,1,1,0.0,0.7514025622853151,0.5539374890725974,0.21138103585181714,0.025240309537694225
15,5,excited,oracle,0.002,1.0,1.1698407151512134,0.02076379356072932,5,1,8.22,0.0003741949999493954,8.22037419499995,0,nan,0.675,1.1698407151512134,0.02076379356072932,1e-10,1e-10,1e-10,1e-10,1,1,0.0,0.7514024431852665,0.5539366129728485,0.21146224187389004,0.02519801502294821
11,1,low_yaw,fixed_nominal,0.002,1.0,0.3799982838768795,0.013483390836122645,1,1,2.084,7.69849999642247e-05,2.0840769849999643,0,nan,0.875,0.8,0.012,0.5,0.008,0.5,0.008,1,1,0.0,0.7450121395556044,0.6972519312983042,0.625423870578742,0.023089876597127877
11,1,low_yaw,passive,0.002,1.0,0.3799982838768795,0.013483390836122645,1,1,1.836,7.456200000888202e-05,1.836074562000009,0,nan,0.8,0.38033595466525816,0.014117176476168813,0.0038969898927215356,0.002239457387366401,0.01200136502704634,0.007990221617378675,1,1,0.0,0.7451137725194232,0.6972519312983042,0.1578547701044073,0.009380140515776833
11,1,low_yaw,always_probe,0.002,1.0,0.3799982838768795,0.013483390836122645,1,1,2.632,7.752700003038626e-05,2.6320775270000305,1,nan,0.7000000000000001,0.37948994050806933,0.013489477188834217,0.0029219317814371056,0.0001480037456199912,0.01200136502704634,0.007990221617378675,1,1,0.0,0.745122601570639,0.6972519312983042,0.2029923682548319,0.024944704367096112
11,1,low_yaw,batch_aware,0.002,1.0,0.3799982838768795,0.013483390836122645,1,1,1.836,0.0001678829997899811,1.83616788299979,0,-0.8,0.8,0.38033595466525816,0.014117176476168813,0.0038969898927215356,0.002239457387366401,0.01200136502704634,0.007990221617378675,1,1,0.0,0.7451137725194232,0.6972519312983042,0.1578547701044073,0.009380140515776833
11,1,low_yaw,ignore_passive,0.002,1.0,0.3799982838768795,0.013483390836122645,1,1,1.836,0.00015473299993118417,1.8361547329999313,0,-0.8,0.8,0.38033595466525816,0.014117176476168813,0.0038969898927215356,0.002239457387366401,0.01200136502704634,0.007990221617378675,1,1,0.0,0.7451137725194232,0.6972519312983042,0.1578547701044073,0.009380140515776833
11,1,low_yaw,oracle,0.002,1.0,0.3799982838768795,0.013483390836122645,1,1,1.692,7.67159998531497e-05,1.692076715999853,0,nan,0.7000000000000001,0.3799982838768795,0.013483390836122645,1e-10,1e-10,1e-10,1e-10,1,1,0.0,0.7451221706132478,0.529299510255724,0.2035547049600378,0.010414023166048636
12,1,low_yaw,fixed_nominal,0.002,1.0,0.5511542413518247,0.023775317685766767,1,1,1.9120000000000004,5.822800005716999e-05,1.9120582280000575,0,nan,0.8250000000000001,0.8,0.012,0.5,0.008,0.5,0.008,1,1,0.0,0.7668269912308363,0.5858099727294825,0.713442818179448,0.06149250349123849
12,1,low_yaw,passive,0.002,1.0,0.5511542413518247,0.023775317685766767,1,1,1.6920000000000002,5.836900004396739e-05,1.6920583690000441,0,nan,0.75,0.5513933205475127,0.022427661039584594,0.004131286177480009,0.002177993978855843,0.016203789312690394,0.00799989246943375,1,1,0.0,0.7668895640133715,0.5863273498326297,0.5511990122816706,0.013044206056408072
12,1,low_yaw,always_probe,0.002,1.0,0.5511542413518247,0.023775317685766767,1,1,2.4880000000000004,8.151099996211997e-05,2.4880815109999626,1,nan,0.65,0.5512251260220801,0.023832790225522243,0.0030226630239807116,0.00016381651000696586,0.016203789312690394,0.00799989246943375,1,1,0.0,0.7668967556111603,0.6431376409055417,0.5511990122816706,0.024302048922159106
12,1,low_yaw,batch_aware,0.002,1.0,0.5511542413518247,0.023775317685766767,1,1,1.6920000000000002,0.00015468099979898398,1.6921546809997992,0,-0.8,0.75,0.5513933205475127,0.022427661039584594,0.004131286177480009,0.002177993978855843,0.016203789312690394,0.00799989246943375,1,1,0.0,0.7668895640133715,0.5863273498326297,0.5511990122816706,0.013044206056408072
12,1,low_yaw,ignore_passive,0.002,1.0,0.5511542413518247,0.023775317685766767,1,1,1.6920000000000002,0.00011157600010847091,1.6921115760001086,0,-0.8,0.75,0.5513933205475127,0.022427661039584594,0.004131286177480009,0.002177993978855843,0.016203789312690394,0.00799989246943375,1,1,0.0,0.7668895640133715,0.5863273498326297,0.5511990122816706,0.013044206056408072
12,1,low_yaw,oracle,0.002,1.0,0.5511542413518247,0.023775317685766767,1,1,1.592,5.638600009660877e-05,1.5920563860000967,0,nan,0.65,0.5511542413518247,0.023775317685766767,1e-10,1e-10,1e-10,1e-10,1,1,0.0,0.7668967638855344,0.5863848228987874,0.22490681021701808,0.012072138727855505
13,1,low_yaw,fixed_nominal,0.002,1.0,1.4107166218232212,0.021671957843437353,1,1,2.1260000000000003,0.00031530499995824357,2.1263153049999586,0,nan,0.875,0.8,0.012,0.5,0.008,0.5,0.008,1,1,0.0,0.7620948077921063,0.5435307110168699,0.972499297793287,0.04700693402516324
13,1,low_yaw,passive,0.002,1.0,1.4107166218232212,0.021671957843437353,1,1,1.848,7.705600000917912e-05,1.8480770560000093,0,nan,0.8,1.4106247152698992,0.020237744403941157,0.003908704205045054,0.0023369738892013697,0.009652790399134272,0.007982716575158354,1,1,0.0,0.761976686005193,0.8380003541167291,0.16694214036593336,0.012012637872521754
13,1,low_yaw,always_probe,0.002,1.0,1.4107166218232212,0.021671957843437353,1,1,2.644,7.532200015702983e-05,2.644075322000157,1,nan,0.7000000000000001,1.4109469026387018,0.02167842147533836,0.0029686775860382508,0.00016006051783884278,0.009652790399134272,0.007982716575158354,1,1,0.0,0.7619828685618105,0.8380003541167291,0.19127552850963356,0.021731884378773977
13,1,low_yaw,batch_aware,0.002,1.0,1.4107166218232212,0.021671957843437353,1,1,1.848,0.0001617250001118009,1.8481617250001119,0,-0.8,0.8,1.4106247152698992,0.020237744403941157,0.003908704205045054,0.0023369738892013697,0.009652790399134272,0.007982716575158354,1,1,0.0,0.761976686005193,0.8380003541167291,0.16694214036593336,0.012012637872521754
13,1,low_yaw,ignore_passive,0.002,1.0,1.4107166218232212,0.021671957843437353,1,1,1.848,0.00014938600008918002,1.8481493860000893,0,-0.8,0.8,1.4106247152698992,0.020237744403941157,0.003908704205045054,0.0023369738892013697,0.009652790399134272,0.007982716575158354,1,1,0.0,0.761976686005193,0.8380003541167291,0.16694214036593336,0.012012637872521754
13,1,low_yaw,oracle,0.002,1.0,1.4107166218232212,0.021671957843437353,1,1,1.692,7.362100006957917e-05,1.6920736210000695,0,nan,0.7000000000000001,1.4107166218232212,0.021671957843437353,1e-10,1e-10,1e-10,1e-10,1,1,0.0,0.7619829029010942,0.5405327902669361,0.19084250018896384,0.010335932858317376
14,1,low_yaw,fixed_nominal,0.002,1.0,1.363376646444756,0.010301773337187901,1,1,2.1100000000000003,7.672499998534477e-05,2.1100767249999857,0,nan,0.875,0.8,0.012,0.5,0.008,0.5,0.008,1,1,0.0,0.753510360579078,0.5355620293430416,0.9090111036653167,0.040646727066538095
14,1,low_yaw,passive,0.002,1.0,1.363376646444756,0.010301773337187901,1,1,1.846,7.633399991391343e-05,1.846076333999914,0,nan,0.8,1.3643879027102483,0.01115084246672627,0.003902154737586965,0.0022296739735645187,0.009647337395556777,0.007995780271623579,1,1,0.0,0.7533579229460086,0.7662927036768283,0.15896039342236315,0.009538257305249914
14,1,low_yaw,always_probe,0.002,1.0,1.363376646444756,0.010301773337187901,1,1,2.6420000000000003,7.640500007255469e-05,2.642076405000073,1,nan,0.7000000000000001,1.3631802768967076,0.010331645924710144,0.002963270569055963,0.00014429778875040529,0.009647337395556777,0.007995780271623579,1,1,0.0,0.7533628234963164,0.7662927036768283,0.1850979662949122,0.032344839229813904
14,1,low_yaw,batch_aware,0.002,1.0,1.363376646444756,0.010301773337187901,1,1,1.846,0.0001625040000590161,1.846162504000059,0,-0.8,0.8,1.3643879027102483,0.01115084246672627,0.003902154737586965,0.0022296739735645187,0.009647337395556777,0.007995780271623579,1,1,0.0,0.7533579229460086,0.7662927036768283,0.15896039342236315,0.009538257305249914
14,1,low_yaw,ignore_passive,0.002,1.0,1.363376646444756,0.010301773337187901,1,1,1.846,0.000321292999956313,1.8463212929999564,0,-0.8,0.8,1.3643879027102483,0.01115084246672627,0.003902154737586965,0.0022296739735645187,0.009647337395556777,0.007995780271623579,1,1,0.0,0.7533579229460086,0.7662927036768283,0.15896039342236315,0.009538257305249914
14,1,low_yaw,oracle,0.002,1.0,1.363376646444756,0.010301773337187901,1,1,1.692,7.663600001706072e-05,1.692076636000017,0,nan,0.7000000000000001,1.363376646444756,0.010301773337187901,1e-10,1e-10,1e-10,1e-10,1,1,0.0,0.7533626789388652,0.5345572435587416,0.18527313957627503,0.009511307500173694
15,1,low_yaw,fixed_nominal,0.002,1.0,1.1698407151512134,0.02076379356072932,1,1,2.02,7.151600004817737e-05,2.020071516000048,0,nan,0.8500000000000001,0.8,0.012,0.5,0.008,0.5,0.008,1,1,0.0,0.7513624486917925,0.5530413923275267,0.6004854465615038,0.031782289799085636
15,1,low_yaw,passive,0.002,1.0,1.1698407151512134,0.02076379356072932,1,1,1.778,7.647500001439766e-05,1.7780764750000144,0,nan,0.775,1.1695710324391904,0.01996323565825721,0.003979652815715214,0.0022087196444454567,0.011665342729576198,0.007998179918428156,1,1,0.0,0.7512765632354529,0.5529770573874994,0.2013404754516175,0.013120684707491698
15,1,low_yaw,always_probe,0.002,1.0,1.1698407151512134,0.02076379356072932,1,1,2.574,7.908800000677729e-05,2.5740790880000066,1,nan,0.675,1.1693116777149666,0.02074545105674329,0.0029871213582530337,0.000158674319406133,0.011665342729576198,0.007998179918428156,1,1,0.0,0.7512844570426572,0.6110256991184654,0.2104225096814244,0.022062005499468625
15,1,low_yaw,batch_aware,0.002,1.0,1.1698407151512134,0.02076379356072932,1,1,1.778,0.0001490129999410783,1.778149012999941,0,-0.8,0.775,1.1695710324391904,0.01996323565825721,0.003979652815715214,0.0022087196444454567,0.011665342729576198,0.007998179918428156,1,1,0.0,0.7512765632354529,0.5529770573874994,0.2013404754516175,0.013120684707491698
15,1,low_yaw,ignore_passive,0.002,1.0,1.1698407151512134,0.02076379356072932,1,1,1.778,0.00014224400001694448,1.778142244000017,0,-0.8,0.775,1.1695710324391904,0.01996323565825721,0.003979652815715214,0.0022087196444454567,0.011665342729576198,0.007998179918428156,1,1,0.0,0.7512765632354529,0.5529770573874994,0.2013404754516175,0.013120684707491698
15,1,low_yaw,oracle,0.002,1.0,1.1698407151512134,0.02076379356072932,1,1,1.644,6.940500009022799e-05,1.6440694050000901,0,nan,0.675,1.1698407151512134,0.02076379356072932,1e-10,1e-10,1e-10,1e-10,1,1,0.0,0.7512840949871363,0.5529821096668706,0.2104387454601394,0.013076617139461403
11,5,low_yaw,fixed_nominal,0.002,1.0,0.3799982838768795,0.013483390836122645,5,1,10.42,0.00038687200014919654,10.42038687200015,0,nan,0.875,0.8,0.012,0.5,0.008,0.5,0.008,1,1,0.0,0.7450806692127341,0.7094724905642746,0.6265647966157634,0.023089876597127877
11,5,low_yaw,passive,0.002,1.0,0.3799982838768795,0.013483390836122645,5,1,8.732,0.0003835160001699478,8.73238351600017,0,nan,0.8,0.38039978179891637,0.013113631472619965,0.0018233212706308996,0.0009258033721828024,0.01200136502704634,0.007990221617378675,1,1,0.0,0.7451881990708801,0.6972519312983042,0.18610326502154878,0.011812874321417638
11,5,low_yaw,always_probe,0.002,1.0,0.3799982838768795,0.013483390836122645,5,1,9.4,0.0003928800000494448,9.40039288000005,1,nan,0.7000000000000001,0.3800588349820868,0.01347724371214278,0.0017211979875050578,0.00014625101429761395,0.01200136502704634,0.007990221617378675,1,1,0.0,0.7451894080671354,0.6972519312983042,0.20342443356686643,0.024944704367096112
11,5,low_yaw,batch_aware,0.002,1.0,0.3799982838768795,0.013483390836122645,5,1,8.732,0.0007597130000931429,8.732759713000092,0,-0.6749999999999999,0.8,0.38039978179891637,0.013113631472619965,0.0018233212706308996,0.0009258033721828024,0.01200136502704634,0.007990221617378675,1,1,0.0,0.7451881990708801,0.6972519312983042,0.18610326502154878,0.011812874321417638
11,5,low_yaw,ignore_passive,0.002,1.0,0.3799982838768795,0.013483390836122645,5,1,8.732,0.0004601029996820216,8.732460102999681,0,-0.40000000000000013,0.8,0.38039978179891637,0.013113631472619965,0.0018233212706308996,0.0009258033721828024,0.01200136502704634,0.007990221617378675,1,1,0.0,0.7451881990708801,0.6972519312983042,0.18610326502154878,0.011812874321417638
11,5,low_yaw,oracle,0.002,1.0,0.3799982838768795,0.013483390836122645,5,1,8.46,0.00040983599990340736,8.460409835999904,0,nan,0.7000000000000001,0.3799982838768795,0.013483390836122645,1e-10,1e-10,1e-10,1e-10,1,1,0.0,0.7451894601646987,0.5302553395916025,0.2035547049600378,0.012228405876694689
12,5,low_yaw,fixed_nominal,0.002,1.0,0.5511542413518247,0.023775317685766767,5,1,9.556000000000001,0.00037200100018708326,9.556372001000188,0,nan,0.8250000000000001,0.8,0.012,0.5,0.008,0.5,0.008,1,1,0.0,0.7669294642181417,0.5858099727294825,0.7254582520574845,0.06234753033524379
12,5,low_yaw,passive,0.002,1.0,0.5511542413518247,0.023775317685766767,5,1,8.164,0.0002862509998067253,8.164286250999806,0,nan,0.75,0.5520741786091365,0.023674469405098913,0.0018991239749742831,0.0009147220940995681,0.016203789312690394,0.00799989246943375,1,1,0.0,0.7669991221464197,0.5863273498326297,0.5511990122816706,0.01334763442076641
12,5,low_yaw,always_probe,0.002,1.0,0.5511542413518247,0.023775317685766767,5,1,8.856000000000002,0.0003250499996738654,8.856325049999676,1,nan,0.65,0.5519404440981154,0.023835084996337668,0.0017853197143159144,0.0001614746370931441,0.016203789312690394,0.00799989246943375,1,1,0.0,0.7670020246609328,0.6431376409055417,0.5511990122816706,0.024302048922159106
12,5,low_yaw,batch_aware,0.002,1.0,0.5511542413518247,0.023775317685766767,5,1,8.164,0.0005957059998991099,8.164595705999899,0,-0.6749999999999999,0.75,0.5520741786091365,0.023674469405098913,0.0018991239749742831,0.0009147220940995681,0.016203789312690394,0.00799989246943375,1,1,0.0,0.7669991221464197,0.5863273498326297,0.5511990122816706,0.01334763442076641
12,5,low_yaw,ignore_passive,0.002,1.0,0.5511542413518247,0.023775317685766767,5,1,8.164,0.00034569900014957966,8.16434569900015,0,-0.40000000000000013,0.75,0.5520741786091365,0.023674469405098913,0.0018991239749742831,0.0009147220940995681,0.016203789312690394,0.00799989246943375,1,1,0.0,0.7669991221464197,0.5863273498326297,0.5511990122816706,0.01334763442076641
12,5,low_yaw,oracle,0.002,1.0,0.5511542413518247,0.023775317685766767,5,1,7.960000000000002,0.00030275600011009374,7.960302756000112,0,nan,0.65,0.5511542413518247,0.023775317685766767,1e-10,1e-10,1e-10,1e-10,1,1,0.0,0.7670021524672146,0.5863848228987874,0.24061307521393974,0.012890676996256173
13,5,low_yaw,fixed_nominal,0.002,1.0,1.4107166218232212,0.021671957843437353,5,1,10.634,0.00041435200000705663,10.634414352000007,0,nan,0.875,0.8,0.012,0.5,0.008,0.5,0.008,1,1,0.0,0.7621945827849729,0.5435307110168699,0.9783031938326533,0.048107566861831395
13,5,low_yaw,passive,0.002,1.0,1.4107166218232212,0.021671957843437353,5,1,8.719999999999999,0.0003778590000820259,8.720377859000081,0,nan,0.8,1.410314778748845,0.02167729550789517,0.0018716396831262852,0.000992500190573355,0.009652790399134272,0.007982716575158354,1,1,0.0,0.7620929437435462,0.8380003541167291,0.18604686786107355,0.012012637872521754
13,5,low_yaw,always_probe,0.002,1.0,1.4107166218232212,0.021671957843437353,5,1,9.412,0.0003667339999537944,9.412366733999955,1,nan,0.7000000000000001,1.4103363238227757,0.02168570659004647,0.0017681320108923057,0.00015821289489969793,0.009652790399134272,0.007982716575158354,1,1,0.0,0.7620946771935692,0.8380003541167291,0.20379452791027275,0.021731884378773977
13,5,low_yaw,batch_aware,0.002,1.0,1.4107166218232212,0.021671957843437353,5,1,8.719999999999999,0.0007626270003129321,8.720762627000312,0,-0.6749999999999999,0.8,1.410314778748845,0.02167729550789517,0.0018716396831262852,0.000992500190573355,0.009652790399134272,0.007982716575158354,1,1,0.0,0.7620929437435462,0.8380003541167291,0.18604686786107355,0.012012637872521754
13,5,low_yaw,ignore_passive,0.002,1.0,1.4107166218232212,0.021671957843437353,5,1,8.719999999999999,0.000448664000032295,8.720448664000031,0,-0.40000000000000013,0.8,1.410314778748845,0.02167729550789517,0.0018716396831262852,0.000992500190573355,0.009652790399134272,0.007982716575158354,1,1,0.0,0.7620929437435462,0.8380003541167291,0.18604686786107355,0.012012637872521754
13,5,low_yaw,oracle,0.002,1.0,1.4107166218232212,0.021671957843437353,5,1,8.46,0.00038110299988147744,8.460381102999882,0,nan,0.7000000000000001,1.4107166218232212,0.021671957843437353,1e-10,1e-10,1e-10,1e-10,1,1,0.0,0.7620946081765438,0.5405327902669361,0.2039238679358272,0.011700683398154927
14,5,low_yaw,fixed_nominal,0.002,1.0,1.363376646444756,0.010301773337187901,5,1,10.549999999999999,0.0003758059999654506,10.550375805999964,0,nan,0.875,0.8,0.012,0.5,0.008,0.5,0.008,1,1,0.0,0.753510360579078,0.5355620293430416,0.9090111036653167,0.040646727066538095
14,5,low_yaw,passive,0.002,1.0,1.363376646444756,0.010301773337187901,5,1,8.741999999999999,0.0004061579999188325,8.742406157999918,0,nan,0.8,1.3638385135399662,0.010244530233558653,0.0018683867592645398,0.0009020136628432757,0.009647337395556777,0.007995780271623579,1,1,0.0,0.7533579229460086,0.7662927036768283,0.18916332692036278,0.012748556105610152
14,5,low_yaw,always_probe,0.002,1.0,1.363376646444756,0.010301773337187901,5,1,9.41,0.000460583000403858,9.410460583000404,1,nan,0.7000000000000001,1.3634965882211807,0.010325629757029064,0.00176493123576245,0.00014257070844719055,0.009647337395556777,0.007995780271623579,1,1,0.0,0.7533628234963164,0.7662927036768283,0.2097516679119052,0.032344839229813904
14,5,low_yaw,batch_aware,0.002,1.0,1.363376646444756,0.010301773337187901,5,1,8.741999999999999,0.0007842689999506547,8.74278426899995,0,-0.6749999999999999,0.8,1.3638385135399662,0.010244530233558653,0.0018683867592645398,0.0009020136628432757,0.009647337395556777,0.007995780271623579,1,1,0.0,0.7533579229460086,0.7662927036768283,0.18916332692036278,0.012748556105610152
14,5,low_yaw,ignore_passive,0.002,1.0,1.363376646444756,0.010301773337187901,5,1,8.741999999999999,0.0004834100003563435,8.742483410000355,0,-0.40000000000000013,0.8,1.3638385135399662,0.010244530233558653,0.0018683867592645398,0.0009020136628432757,0.009647337395556777,0.007995780271623579,1,1,0.0,0.7533579229460086,0.7662927036768283,0.18916332692036278,0.012748556105610152
14,5,low_yaw,oracle,0.002,1.0,1.363376646444756,0.010301773337187901,5,1,8.46,0.00038923700014947826,8.46038923700015,0,nan,0.7000000000000001,1.363376646444756,0.010301773337187901,1e-10,1e-10,1e-10,1e-10,1,1,0.0,0.7533626789388652,0.5345572435587416,0.20979554449190735,0.013284471384877225
15,5,low_yaw,fixed_nominal,0.002,1.0,1.1698407151512134,0.02076379356072932,5,1,10.1,0.0003645600000936611,10.100364560000093,0,nan,0.8500000000000001,0.8,0.012,0.5,0.008,0.5,0.008,1,1,0.0,0.7514799923305095,0.5545023870432991,0.6054229802394346,0.03271728735151642
15,5,low_yaw,passive,0.002,1.0,1.1698407151512134,0.02076379356072932,5,1,8.45,0.0003422050001518073,8.450342205000151,0,nan,0.775,1.1699782749022258,0.020612435193128456,0.0019126488474031636,0.000933429250868398,0.011665342729576198,0.007998179918428156,1,1,0.0,0.7513982173434223,0.5539032184164282,0.2013404754516175,0.013120684707491698
15,5,low_yaw,always_probe,0.002,1.0,1.1698407151512134,0.02076379356072932,5,1,9.15,0.0003476419998378333,9.150347641999838,1,nan,0.675,1.1698206565110671,0.020746432834190042,0.001761161699869196,0.0001566382300801051,0.011665342729576198,0.007998179918428156,1,1,0.0,0.7514001603662747,0.6110256991184654,0.21129981586665839,0.022062005499468625
15,5,low_yaw,batch_aware,0.002,1.0,1.1698407151512134,0.02076379356072932,5,1,8.45,0.0007104390000449712,8.450710439000044,0,-0.6750000000000004,0.775,1.1699782749022258,0.020612435193128456,0.0019126488474031636,0.000933429250868398,0.011665342729576198,0.007998179918428156,1,1,0.0,0.7513982173434223,0.5539032184164282,0.2013404754516175,0.013120684707491698
15,5,low_yaw,ignore_passive,0.002,1.0,1.1698407151512134,0.02076379356072932,5,1,8.45,0.00041435200012074347,8.45041435200012,0,-0.40000000000000013,0.775,1.1699782749022258,0.020612435193128456,0.0019126488474031636,0.000933429250868398,0.011665342729576198,0.007998179918428156,1,1,0.0,0.7513982173434223,0.5539032184164282,0.2013404754516175,0.013120684707491698
15,5,low_yaw,oracle,0.002,1.0,1.1698407151512134,0.02076379356072932,5,1,8.22,0.0003494850001288796,8.22034948500013,0,nan,0.675,1.1698407151512134,0.02076379356072932,1e-10,1e-10,1e-10,1e-10,1,1,0.0,0.751399988157572,0.5539159825439666,0.2114424703521682,0.013076617139461403
