family,N,method,n,success,success_ci95,mean_robot_time_s,mean_penalized_time_s,mean_planning_ms,probes,mass_rmse_kg,inertia_rmse_kgm2,mass_coverage,inertia_coverage
excited,1,fixed_nominal,30,27,"[0.7347115495257919, 0.9788828629702774]",1.8193999999999995,2.819465697399964,0.06569739996393764,0,0.391042217900372,0.00649441668897594,1.0,1.0
excited,1,passive,30,27,"[0.7347115495257919, 0.9788828629702774]",1.6138000000000006,2.6138622398333085,0.062239833308315916,0,0.0012811298411362418,0.002484677286297441,1.0,1.0
excited,1,always_probe,30,27,"[0.7347115495257919, 0.9788828629702774]",2.3302,3.3302807257000286,0.08072570002847594,27,0.00118892886475751,0.002484326267878101,1.0,1.0
excited,1,batch_aware,30,27,"[0.7347115495257919, 0.9788828629702774]",1.6138000000000006,2.6139348331000147,0.13483310001447535,0,0.0012811298411362418,0.002484677286297441,1.0,1.0
excited,1,ignore_passive,30,27,"[0.7347115495257919, 0.9788828629702774]",1.6138000000000006,2.6139278273333506,0.12782733335067556,0,0.0012811298411362418,0.002484677286297441,1.0,1.0
excited,1,oracle,30,30,"[0.8842966917779725, 1.0]",1.6526666666666663,1.652736290400005,0.0696237333386307,0,0.0,0.0,1.0,1.0
excited,5,fixed_nominal,30,27,"[0.7347115495257919, 0.9788828629702774]",8.957133333333331,13.957452842966665,0.31950963333050214,0,0.391042217900372,0.00649441668897594,1.0,1.0
excited,5,passive,30,27,"[0.7347115495257919, 0.9788828629702774]",7.5674,12.567717666866658,0.3176668666583282,0,0.0010927002718287345,0.00248430796248847,1.0,1.0
excited,5,always_probe,30,27,"[0.7347115495257919, 0.9788828629702774]",8.283800000000001,13.284124102266611,0.3241022666088611,27,0.0010883978280185637,0.0024842843306573112,1.0,1.0
excited,5,batch_aware,30,27,"[0.7347115495257919, 0.9788828629702774]",7.5674,12.568051495833313,0.6514958333127652,0,0.0010927002718287345,0.00248430796248847,1.0,1.0
excited,5,ignore_passive,30,27,"[0.7347115495257919, 0.9788828629702774]",7.5674,12.567798387200032,0.3983872000314174,0,0.0010927002718287345,0.00248430796248847,1.0,1.0
excited,5,oracle,30,30,"[0.8842966917779725, 1.0]",8.263333333333334,8.263685904466675,0.35257113333955203,0,0.0,0.0,1.0,1.0
excited,20,fixed_nominal,30,27,"[0.7347115495257919, 0.9788828629702774]",35.72313333333332,55.72444339406664,1.3100607333020282,0,0.391042217900372,0.00649441668897594,1.0,1.0
excited,20,passive,30,27,"[0.7347115495257919, 0.9788828629702774]",29.893399999999996,49.89469049000001,1.2904900000194175,0,0.0010494004999683693,0.0024842352543728635,1.0,1.0
excited,20,always_probe,30,27,"[0.7347115495257919, 0.9788828629702774]",30.609799999999993,50.61109690179989,1.2969017998936276,27,0.00105040547746698,0.002484232900681439,1.0,1.0
excited,20,batch_aware,30,27,"[0.7347115495257919, 0.9788828629702774]",29.893399999999996,49.89597879326655,2.5787932665631765,0,0.0010494004999683693,0.0024842352543728635,1.0,1.0
excited,20,ignore_passive,30,27,"[0.7347115495257919, 0.9788828629702774]",30.609799999999993,50.61119453756654,1.39453756654954,27,0.00105040547746698,0.002484232900681439,1.0,1.0
excited,20,oracle,30,30,"[0.8842966917779725, 1.0]",33.053333333333335,33.0548662351,1.5329017666696625,0,0.0,0.0,1.0,1.0
low_yaw,1,fixed_nominal,30,27,"[0.7347115495257919, 0.9788828629702774]",1.815333333333333,2.815399293033313,0.06595969997912714,0,0.391042217900372,0.00649441668897594,1.0,1.0
low_yaw,1,passive,30,27,"[0.7347115495257919, 0.9788828629702774]",1.6138000000000006,2.6138714437333577,0.07144373335753092,0,0.0012811298411362418,0.002568317559435654,1.0,1.0
low_yaw,1,always_probe,30,27,"[0.7347115495257919, 0.9788828629702774]",2.3302,3.3302677692999794,0.06776929997916643,27,0.00118892886475751,0.0024843930747526213,1.0,1.0
low_yaw,1,batch_aware,30,27,"[0.7347115495257919, 0.9788828629702774]",1.6138000000000006,2.6139431414999765,0.14314149997668815,0,0.0012811298411362418,0.002568317559435654,1.0,1.0
low_yaw,1,ignore_passive,30,27,"[0.7347115495257919, 0.9788828629702774]",1.6138000000000006,2.6139282438333495,0.12824383334949138,0,0.0012811298411362418,0.002568317559435654,1.0,1.0
low_yaw,1,oracle,30,30,"[0.8842966917779725, 1.0]",1.6526666666666663,1.6527422153000413,0.07554863337494074,0,0.0,0.0,1.0,1.0
low_yaw,5,fixed_nominal,30,27,"[0.7347115495257919, 0.9788828629702774]",8.937000000000001,13.937354705466667,0.3547054666645029,0,0.391042217900372,0.00649441668897594,1.0,1.0
low_yaw,5,passive,30,27,"[0.7347115495257919, 0.9788828629702774]",7.677466666666666,12.677818059866668,0.35139320000325824,0,0.0010908728549520134,0.002494310586514363,1.0,1.0
low_yaw,5,always_probe,30,27,"[0.7347115495257919, 0.9788828629702774]",8.283800000000001,13.284118547733266,0.31854773326358554,27,0.0010883978280185637,0.0024843969138532086,1.0,1.0
low_yaw,5,batch_aware,30,27,"[0.7347115495257919, 0.9788828629702774]",7.677466666666666,12.678417405333278,0.9507386666124754,0,0.0010908728549520134,0.002494310586514363,1.0,1.0
low_yaw,5,ignore_passive,30,27,"[0.7347115495257919, 0.9788828629702774]",7.677466666666666,12.677873411366487,0.4067446998230177,0,0.0010908728549520134,0.002494310586514363,1.0,1.0
low_yaw,5,oracle,30,30,"[0.8842966917779725, 1.0]",8.263333333333334,8.26371138243321,0.37804909987547336,0,0.0,0.0,1.0,1.0
low_yaw,20,fixed_nominal,30,27,"[0.7347115495257919, 0.9788828629702774]",35.64279999999999,55.64411515433349,1.3151543334894693,0,0.391042217900372,0.00649441668897594,1.0,1.0
low_yaw,20,passive,30,27,"[0.7347115495257919, 0.9788828629702774]",30.232266666666657,50.23354642943339,1.2797627667168854,0,0.001049669184401428,0.0024861409102164087,1.0,1.0
low_yaw,20,always_probe,30,27,"[0.7347115495257919, 0.9788828629702774]",30.609799999999993,50.61106207353329,1.2620735332954307,27,0.00105040547746698,0.0024843605722989492,1.0,1.0
low_yaw,20,batch_aware,30,27,"[0.7347115495257919, 0.9788828629702774]",30.232266666666657,50.234792637566684,2.5259709000162425,0,0.001049669184401428,0.0024861409102164087,1.0,1.0
low_yaw,20,ignore_passive,30,27,"[0.7347115495257919, 0.9788828629702774]",30.609799999999993,50.61121703760004,1.417037600056877,27,0.00105040547746698,0.0024843605722989492,1.0,1.0
low_yaw,20,oracle,30,30,"[0.8842966917779725, 1.0]",33.053333333333335,33.054711304133335,1.3779707999977593,0,0.0,0.0,1.0,1.0
